{
  "metadata": {
    "name": "protgpt2",
    "hf_path": "nferruz/ProtGPT2",
    "hf_path_attempted": [],
    "hf_path_loaded": "nferruz/ProtGPT2",
    "param_count": 774030080,
    "param_count_str": "774.0M",
    "dtype": "float16",
    "weight_memory_mb": 1476.35,
    "hidden_size": 1280,
    "num_layers": 36,
    "num_attention_heads": 20,
    "num_kv_heads": 20,
    "head_dim": 64,
    "max_position_embeddings": 1024,
    "vocab_size": 50257,
    "architecture": "GPT2LMHeadModel",
    "warnings": [
      "Config field 'num_key_value_heads' not found (tried fallbacks: ('num_kv_heads',))",
      "num_key_value_heads not found; falling back to num_attention_heads=20",
      "Applied patch: Added get_head_mask() to ProGenPreTrainedModel (removed in transformers 5.x)",
      "Applied patch: Added get_head_mask() to inner transformer model (GPT2Model)"
    ]
  },
  "primary_result": {
    "model_name": "protgpt2",
    "prompt_token_length": 64,
    "max_new_tokens": 256,
    "actual_new_tokens": 256,
    "total_seq_length": 320,
    "batch_size": 1,
    "use_cache": true,
    "method": "manual_prefill_decode",
    "prefill_time_ms": 10.94157001352869,
    "decode_time_ms": 2042.0028750959318,
    "total_time_ms": 2052.94,
    "decode_tokens_per_sec": 124.88,
    "end_to_end_tokens_per_sec": 124.7,
    "per_step_decode_times_ms": [
      8.073,
      8.183,
      7.839,
      8.145,
      7.789,
      8.735,
      7.769,
      7.994,
      7.69,
      8.114,
      7.732,
      8.096,
      7.685,
      8.116,
      7.776,
      8.123,
      7.731,
      8.113,
      7.985,
      8.101,
      7.77,
      8.04,
      7.905,
      7.811,
      7.954,
      7.745,
      8.18,
      7.657,
      8.232,
      7.72,
      8.113,
      7.715,
      8.092,
      7.689,
      8.137,
      7.729,
      8.081,
      7.744,
      8.441,
      7.89,
      8.098,
      7.688,
      8.321,
      7.707,
      8.148,
      7.794,
      7.899,
      8.106,
      7.88,
      8.301,
      7.882,
      8.268,
      7.782,
      8.573,
      7.833,
      8.024,
      7.808,
      7.907,
      7.759,
      7.892,
      7.736,
      7.881,
      7.793,
      7.947,
      7.804,
      7.877,
      7.768,
      7.866,
      7.826,
      7.805,
      7.898,
      7.831,
      8.23,
      7.97,
      7.928,
      7.802,
      7.916,
      7.727,
      7.834,
      7.755,
      7.952,
      7.777,
      8.154,
      7.745,
      8.105,
      7.793,
      8.072,
      7.803,
      8.004,
      7.831,
      7.809,
      8.027,
      7.762,
      8.057,
      7.75,
      8.016,
      7.802,
      8.085,
      7.966,
      8.748,
      7.913,
      7.933,
      7.756,
      8.106,
      7.793,
      8.194,
      7.846,
      8.081,
      7.765,
      8.063,
      7.758,
      8.051,
      7.796,
      7.812,
      7.787,
      7.75,
      7.854,
      7.752,
      7.996,
      7.834,
      8.154,
      7.721,
      7.951,
      7.813,
      8.207,
      7.769,
      8.149,
      7.761,
      8.407,
      7.83,
      7.995,
      7.767,
      8.092,
      7.759,
      8.067,
      7.808,
      8.02,
      7.895,
      8.078,
      7.958,
      8.237,
      7.99,
      7.72,
      7.917,
      7.889,
      7.986,
      7.801,
      7.939,
      7.748,
      7.94,
      7.74,
      8.144,
      7.968,
      7.977,
      7.792,
      8.184,
      8.036,
      8.068,
      7.672,
      8.422,
      8.035,
      7.787,
      8.279,
      7.768,
      8.328,
      7.755,
      8.312,
      7.758,
      8.356,
      7.751,
      8.192,
      7.737,
      8.478,
      7.979,
      8.509,
      7.952,
      8.398,
      7.808,
      8.268,
      7.961,
      8.455,
      7.816,
      8.271,
      7.762,
      8.175,
      7.753,
      8.22,
      7.723,
      8.187,
      7.783,
      8.252,
      7.791,
      7.937,
      8.149,
      7.966,
      8.187,
      7.894,
      8.14,
      7.896,
      8.26,
      7.924,
      8.287,
      7.897,
      8.46,
      8.01,
      8.494,
      8.301,
      8.594,
      8.188,
      9.406,
      8.095,
      8.516,
      8.194,
      8.531,
      8.001,
      8.305,
      7.887,
      8.252,
      7.86,
      8.221,
      7.86,
      8.245,
      7.897,
      8.238,
      7.853,
      8.815,
      8.011,
      8.04,
      7.87,
      8.511,
      8.131,
      8.25,
      7.881,
      8.107,
      8.083,
      8.254,
      7.937,
      8.202,
      7.93,
      8.268,
      7.988,
      8.335,
      8.084,
      8.193,
      7.886,
      8.347,
      8.132,
      8.195,
      8.008,
      8.205,
      7.972,
      8.033,
      8.061,
      7.908,
      8.053
    ],
    "memory_after_load": {
      "allocated_mb": 1485.470703125,
      "reserved_mb": 1618.0,
      "max_allocated_mb": 1485.470703125,
      "max_reserved_mb": 1618.0
    },
    "memory_after_prefill": {
      "allocated_mb": 1502.8564453125,
      "reserved_mb": 1654.0,
      "max_allocated_mb": 1503.01220703125,
      "max_reserved_mb": 1654.0
    },
    "memory_peak": {
      "allocated_mb": 1541.76611328125,
      "reserved_mb": 1712.0,
      "max_allocated_mb": 1542.5595703125,
      "max_reserved_mb": 1712.0
    },
    "theoretical_kv_cache": {
      "total_mb": 56.25,
      "per_token_mb": 0.1758,
      "as_pct_of_weights": 3.81,
      "growth_per_100_tokens_mb": 17.58,
      "seq_len_used": 320
    },
    "observed_peak_allocated_mb": 1542.56,
    "observed_peak_reserved_mb": 1712.0,
    "error": null,
    "warnings": []
  },
  "secondary_result": {
    "model_name": "protgpt2",
    "prompt_token_length": 64,
    "max_new_tokens": 256,
    "actual_new_tokens": 7,
    "total_seq_length": 71,
    "batch_size": 1,
    "use_cache": true,
    "method": "generate_api",
    "prefill_time_ms": null,
    "decode_time_ms": null,
    "total_time_ms": 60.3,
    "decode_tokens_per_sec": 0.0,
    "end_to_end_tokens_per_sec": 116.09,
    "per_step_decode_times_ms": [],
    "memory_after_load": {
      "allocated_mb": 1485.470703125,
      "reserved_mb": 1618.0,
      "max_allocated_mb": 1485.470703125,
      "max_reserved_mb": 1618.0
    },
    "memory_after_prefill": null,
    "memory_peak": {
      "allocated_mb": 1485.4716796875,
      "reserved_mb": 1634.0,
      "max_allocated_mb": 1500.1611328125,
      "max_reserved_mb": 1634.0
    },
    "theoretical_kv_cache": {
      "total_mb": 12.48,
      "per_token_mb": 0.1758,
      "as_pct_of_weights": 0.85,
      "growth_per_100_tokens_mb": 17.58,
      "seq_len_used": 71
    },
    "observed_peak_allocated_mb": 1500.16,
    "observed_peak_reserved_mb": 1634.0,
    "error": null,
    "warnings": []
  },
  "theoretical_kv_upper_bound": {
    "total_mb": 56.25,
    "total_bytes": 58982400,
    "per_token_mb": 0.1758,
    "as_pct_of_weights": 3.81,
    "growth_per_100_tokens_mb": 17.58,
    "seq_len_used": 320,
    "label": "upper_bound_at_configured_max"
  }
}