{
  "metadata": {
    "name": "protgpt2",
    "hf_path": "nferruz/ProtGPT2",
    "hf_path_attempted": [],
    "hf_path_loaded": "nferruz/ProtGPT2",
    "param_count": 774030080,
    "param_count_str": "774.0M",
    "dtype": "float16",
    "weight_memory_mb": 1476.35,
    "hidden_size": 1280,
    "num_layers": 36,
    "num_attention_heads": 20,
    "num_kv_heads": 20,
    "head_dim": 64,
    "max_position_embeddings": 1024,
    "vocab_size": 50257,
    "architecture": "GPT2LMHeadModel",
    "warnings": [
      "Config field 'num_key_value_heads' not found (tried fallbacks: ('num_kv_heads',))",
      "num_key_value_heads not found; falling back to num_attention_heads=20",
      "Applied patch: Added get_head_mask() to ProGenPreTrainedModel (removed in transformers 5.x)",
      "Applied patch: Added get_head_mask() to inner transformer model (GPT2Model)"
    ]
  },
  "primary_result": {
    "model_name": "protgpt2",
    "prompt_token_length": 16,
    "max_new_tokens": 512,
    "actual_new_tokens": 512,
    "total_seq_length": 528,
    "batch_size": 1,
    "use_cache": true,
    "method": "manual_prefill_decode",
    "prefill_time_ms": 9.975945024052635,
    "decode_time_ms": 4145.033548003994,
    "total_time_ms": 4155.01,
    "decode_tokens_per_sec": 123.28,
    "end_to_end_tokens_per_sec": 123.22,
    "per_step_decode_times_ms": [
      8.564,
      8.091,
      8.778,
      7.972,
      8.619,
      7.852,
      10.436,
      9.884,
      9.016,
      8.378,
      8.552,
      8.401,
      8.257,
      7.77,
      8.186,
      7.773,
      8.266,
      7.755,
      8.519,
      7.967,
      8.241,
      7.985,
      8.179,
      7.761,
      8.113,
      7.763,
      8.208,
      8.052,
      8.38,
      7.856,
      8.475,
      7.942,
      8.199,
      7.946,
      8.287,
      7.749,
      8.202,
      7.937,
      8.535,
      8.099,
      8.132,
      7.797,
      8.077,
      8.006,
      7.989,
      8.419,
      7.896,
      8.709,
      7.977,
      7.788,
      7.773,
      7.848,
      7.829,
      8.05,
      8.121,
      8.035,
      7.886,
      7.923,
      8.287,
      8.082,
      7.987,
      7.935,
      7.917,
      7.941,
      7.914,
      7.99,
      8.007,
      7.822,
      7.883,
      7.984,
      7.911,
      7.823,
      7.805,
      7.845,
      7.972,
      8.017,
      7.856,
      7.776,
      8.269,
      7.763,
      8.039,
      7.747,
      8.127,
      7.742,
      8.152,
      7.773,
      8.295,
      7.739,
      8.156,
      7.769,
      8.133,
      7.737,
      8.279,
      7.773,
      8.045,
      7.758,
      9.601,
      7.755,
      7.904,
      7.945,
      7.852,
      8.288,
      7.787,
      8.111,
      7.722,
      9.293,
      8.354,
      8.263,
      8.632,
      8.196,
      8.113,
      8.097,
      8.003,
      8.093,
      7.962,
      8.246,
      8.767,
      8.261,
      7.991,
      8.293,
      8.066,
      8.337,
      8.009,
      8.444,
      7.933,
      8.633,
      8.062,
      8.483,
      7.882,
      8.273,
      7.876,
      8.669,
      9.061,
      8.086,
      7.823,
      7.862,
      7.724,
      7.696,
      7.703,
      7.852,
      7.782,
      7.89,
      7.769,
      7.824,
      7.773,
      7.759,
      7.791,
      8.178,
      8.056,
      7.833,
      7.988,
      7.979,
      7.95,
      7.743,
      7.785,
      7.744,
      7.77,
      7.781,
      7.957,
      7.823,
      7.975,
      7.817,
      7.868,
      7.757,
      7.756,
      7.728,
      7.726,
      7.901,
      7.738,
      8.565,
      7.875,
      8.203,
      7.724,
      8.234,
      7.767,
      8.176,
      7.697,
      8.149,
      7.753,
      8.2,
      7.842,
      8.378,
      7.796,
      8.482,
      7.858,
      8.292,
      7.854,
      8.195,
      8.322,
      8.457,
      7.824,
      8.145,
      7.691,
      7.94,
      7.96,
      7.919,
      9.277,
      8.059,
      7.847,
      7.74,
      7.912,
      7.729,
      7.879,
      7.656,
      8.146,
      7.735,
      7.964,
      7.733,
      7.9,
      7.696,
      7.969,
      7.777,
      8.09,
      7.74,
      7.962,
      7.699,
      7.762,
      7.81,
      7.765,
      8.602,
      7.756,
      8.134,
      10.705,
      8.623,
      9.33,
      8.61,
      8.725,
      8.278,
      8.387,
      8.079,
      7.791,
      7.913,
      8.895,
      7.979,
      8.05,
      7.938,
      8.254,
      7.88,
      8.241,
      7.836,
      8.196,
      8.01,
      8.239,
      8.047,
      8.167,
      8.041,
      8.26,
      8.439,
      8.206,
      8.429,
      8.44,
      8.304,
      8.191,
      8.495,
      8.52,
      8.549,
      8.41,
      9.035,
      8.339,
      8.174,
      8.342,
      8.063,
      8.206,
      8.133,
      8.289,
      7.985,
      8.259,
      8.059,
      8.417,
      8.079,
      8.124,
      8.34,
      8.373,
      8.27,
      8.237,
      8.019,
      8.311,
      8.164,
      8.326,
      8.049,
      7.962,
      8.101,
      8.494,
      8.148,
      8.015,
      8.183,
      8.08,
      8.133,
      7.985,
      8.127,
      8.062,
      8.269,
      7.941,
      8.654,
      8.079,
      8.526,
      8.167,
      8.189,
      7.983,
      8.573,
      8.114,
      8.23,
      8.028,
      8.119,
      7.911,
      8.026,
      7.916,
      8.621,
      8.446,
      8.3,
      7.852,
      8.252,
      7.863,
      8.247,
      7.946,
      8.405,
      7.942,
      8.575,
      7.976,
      8.451,
      8.633,
      10.024,
      8.897,
      10.285,
      9.169,
      9.15,
      9.364,
      8.615,
      9.674,
      8.893,
      10.063,
      8.36,
      8.036,
      7.842,
      8.112,
      7.922,
      7.953,
      7.874,
      8.278,
      8.041,
      8.123,
      8.099,
      8.192,
      8.023,
      8.218,
      7.997,
      8.125,
      7.939,
      8.176,
      8.017,
      8.136,
      7.953,
      8.067,
      7.949,
      8.18,
      8.186,
      8.168,
      8.071,
      8.266,
      8.017,
      7.988,
      8.069,
      7.971,
      8.103,
      7.928,
      8.092,
      8.001,
      8.176,
      8.061,
      8.283,
      8.283,
      8.178,
      8.122,
      8.16,
      8.059,
      8.343,
      9.173,
      9.145,
      8.1,
      8.146,
      7.956,
      8.065,
      7.943,
      8.224,
      7.92,
      8.056,
      7.992,
      8.125,
      7.991,
      8.085,
      7.999,
      8.265,
      7.93,
      8.204,
      8.066,
      8.129,
      7.908,
      8.045,
      7.847,
      7.991,
      7.855,
      8.021,
      8.007,
      8.028,
      7.929,
      7.959,
      7.966,
      7.976,
      8.044,
      7.866,
      8.031,
      7.907,
      8.764,
      7.789,
      8.088,
      7.826,
      8.077,
      7.917,
      8.051,
      7.854,
      7.962,
      7.86,
      8.006,
      7.864,
      7.933,
      7.817,
      8.133,
      7.959,
      7.962,
      7.798,
      7.993,
      7.938,
      8.339,
      8.052,
      7.913,
      7.997,
      7.872,
      8.03,
      7.841,
      7.931,
      7.844,
      8.017,
      7.861,
      8.011,
      8.605,
      7.92,
      8.063,
      8.001,
      8.022,
      7.865,
      7.857,
      7.924,
      7.853,
      7.994,
      7.754,
      8.09,
      7.874,
      7.811,
      7.786,
      7.887,
      7.966,
      7.819,
      7.951,
      7.976,
      8.011,
      7.934,
      8.026,
      8.04,
      8.0,
      7.759,
      7.967,
      8.023,
      7.989,
      7.996,
      7.889,
      8.002,
      7.98,
      7.856,
      8.065,
      7.843,
      8.08,
      8.099,
      7.915,
      7.895,
      7.926,
      7.996,
      7.841,
      7.966,
      7.84,
      8.033,
      7.908,
      8.154,
      7.915,
      8.288,
      8.015,
      8.486,
      8.345,
      8.417,
      7.901,
      8.143,
      7.993,
      7.963,
      7.85,
      7.924,
      7.836,
      7.968,
      7.938,
      8.013,
      7.877,
      7.88,
      7.86
    ],