{
  "metadata": {
    "name": "protgpt2",
    "hf_path": "nferruz/ProtGPT2",
    "hf_path_attempted": [],
    "hf_path_loaded": "nferruz/ProtGPT2",
    "param_count": 774030080,
    "param_count_str": "774.0M",
    "dtype": "float16",
    "weight_memory_mb": 1476.35,
    "hidden_size": 1280,
    "num_layers": 36,
    "num_attention_heads": 20,
    "num_kv_heads": 20,
    "head_dim": 64,
    "max_position_embeddings": 1024,
    "vocab_size": 50257,
    "architecture": "GPT2LMHeadModel",
    "warnings": [
      "Config field 'num_key_value_heads' not found (tried fallbacks: ('num_kv_heads',))",
      "num_key_value_heads not found; falling back to num_attention_heads=20",
      "Applied patch: Added get_head_mask() to ProGenPreTrainedModel (removed in transformers 5.x)",
      "Applied patch: Added get_head_mask() to inner transformer model (GPT2Model)"
    ]
  },
  "primary_result": {
    "model_name": "protgpt2",
    "prompt_token_length": 128,
    "max_new_tokens": 256,
    "actual_new_tokens": 256,
    "total_seq_length": 384,
    "batch_size": 1,
    "use_cache": true,
    "method": "manual_prefill_decode",
    "prefill_time_ms": 11.563292006030679,
    "decode_time_ms": 2052.3977575358003,
    "total_time_ms": 2063.96,
    "decode_tokens_per_sec": 124.24,
    "end_to_end_tokens_per_sec": 124.03,
    "per_step_decode_times_ms": [
      8.115,
      8.158,
      7.836,
      8.412,
      7.984,
      8.372,
      7.973,
      8.135,
      7.983,
      8.108,
      7.819,
      8.313,
      7.775,
      8.134,
      7.837,
      8.006,
      7.718,
      8.079,
      7.845,
      7.978,
      8.01,
      7.776,
      8.016,
      7.821,
      8.092,
      7.802,
      7.842,
      7.885,
      7.903,
      7.735,
      7.994,
      7.803,
      7.946,
      7.817,
      7.928,
      8.362,
      8.155,
      7.977,
      7.983,
      7.928,
      7.885,
      7.93,
      7.899,
      7.86,
      7.99,
      7.941,
      7.807,
      7.9,
      7.819,
      7.876,
      7.797,
      7.918,
      7.996,
      7.983,
      7.811,
      8.024,
      8.199,
      8.092,
      8.032,
      7.942,
      8.3,
      8.352,
      8.091,
      8.123,
      8.085,
      8.043,
      7.822,
      7.916,
      7.985,
      7.8,
      7.892,
      7.721,
      7.922,
      7.816,
      7.922,
      7.82,
      8.662,
      7.965,
      7.954,
      7.781,
      7.945,
      8.471,
      8.41,
      7.889,
      8.225,
      7.871,
      8.024,
      7.777,
      8.038,
      7.766,
      8.013,
      7.77,
      8.158,
      7.835,
      8.165,
      7.865,
      7.923,
      7.952,
      7.867,
      7.869,
      7.783,
      7.936,
      7.871,
      7.972,
      7.956,
      8.189,
      8.04,
      8.202,
      8.31,
      8.14,
      8.266,
      8.203,
      8.106,
      8.131,
      8.057,
      8.023,
      7.994,
      8.024,
      7.879,
      8.05,
      7.828,
      7.999,
      7.936,
      7.999,
      7.796,
      7.875,
      7.984,
      7.763,
      8.129,
      7.982,
      8.19,
      7.852,
      8.109,
      8.12,
      8.255,
      8.133,
      8.168,
      7.991,
      8.179,
      8.125,
      8.177,
      8.145,
      8.198,
      8.277,
      8.203,
      8.997,
      8.252,
      8.094,
      8.239,
      7.888,
      8.171,
      8.084,
      8.273,
      7.88,
      8.199,
      8.004,
      8.149,
      7.925,
      8.183,
      8.086,
      8.25,
      7.995,
      8.195,
      7.982,
      8.161,
      8.0,
      8.082,
      8.094,
      7.929,
      8.144,
      8.073,
      8.274,
      8.133,
      8.167,
      7.949,
      8.13,
      7.997,
      8.375,
      7.96,
      8.132,
      7.969,
      8.159,
      7.92,
      8.106,
      8.112,
      8.233,
      7.998,
      8.14,
      8.014,
      8.234,
      8.034,
      8.146,
      7.999,
      8.129,
      8.005,
      8.158,
      7.988,
      8.173,
      8.067,
      8.109,
      7.943,
      8.101,
      8.001,
      8.238,
      7.929,
      8.077,
      8.061,
      7.937,
      7.955,
      8.131,
      8.115,
      7.967,
      8.064,
      7.993,
      8.241,
      7.975,
      8.065,
      7.924,
      8.189,
      7.904,
      8.24,
      8.167,
      8.254,
      8.122,
      8.172,
      7.978,
      8.272,
      8.152,
      8.321,
      8.121,
      8.332,
      8.208,
      8.359,
      8.137,
      8.311,
      8.076,
      8.177,
      7.954,
      8.151,
      8.033,
      8.149,
      8.101,
      8.562,
      8.004,
      8.144,
      8.124,
      8.293,
      7.968,
      8.182,
      7.936,
      8.108,
      7.945,
      7.972,
      8.032,
      7.991
    ],
    "memory_after_load": {
      "allocated_mb": 1485.47119140625,
      "reserved_mb": 1618.0,
      "max_allocated_mb": 1485.47119140625,
      "max_reserved_mb": 1618.0
    },
    "memory_after_prefill": {
      "allocated_mb": 1520.24169921875,
      "reserved_mb": 1658.0,
      "max_allocated_mb": 1520.5537109375,
      "max_reserved_mb": 1658.0
    },
    "memory_peak": {
      "allocated_mb": 1553.0166015625,
      "reserved_mb": 1710.0,
      "max_allocated_mb": 1553.96630859375,
      "max_reserved_mb": 1710.0
    },
    "theoretical_kv_cache": {
      "total_mb": 67.5,
      "per_token_mb": 0.1758,
      "as_pct_of_weights": 4.57,
      "growth_per_100_tokens_mb": 17.58,
      "seq_len_used": 384
    },
    "observed_peak_allocated_mb": 1553.97,
    "observed_peak_reserved_mb": 1710.0,
    "error": null,
    "warnings": []
  },
  "secondary_result": {
    "model_name": "protgpt2",
    "prompt_token_length": 128,
    "max_new_tokens": 256,
    "actual_new_tokens": 5,
    "total_seq_length": 133,
    "batch_size": 1,
    "use_cache": true,
    "method": "generate_api",
    "prefill_time_ms": null,
    "decode_time_ms": null,
    "total_time_ms": 45.58,
    "decode_tokens_per_sec": 0.0,
    "end_to_end_tokens_per_sec": 109.7,
    "per_step_decode_times_ms": [],
    "memory_after_load": {
      "allocated_mb": 1485.47119140625,
      "reserved_mb": 1618.0,
      "max_allocated_mb": 1485.47119140625,
      "max_reserved_mb": 1618.0
    },
    "memory_after_prefill": null,
    "memory_peak": {
      "allocated_mb": 1485.47265625,
      "reserved_mb": 1646.0,
      "max_allocated_mb": 1514.8505859375,
      "max_reserved_mb": 1646.0
    },
    "theoretical_kv_cache": {
      "total_mb": 23.38,
      "per_token_mb": 0.1758,
      "as_pct_of_weights": 1.58,
      "growth_per_100_tokens_mb": 17.58,
      "seq_len_used": 133
    },
    "observed_peak_allocated_mb": 1514.85,
    "observed_peak_reserved_mb": 1646.0,
    "error": null,
    "warnings": []
  },
  "theoretical_kv_upper_bound": {
    "total_mb": 67.5,
    "total_bytes": 70778880,
    "per_token_mb": 0.1758,
    "as_pct_of_weights": 4.57,
    "growth_per_100_tokens_mb": 17.58,
    "seq_len_used": 384,
    "label": "upper_bound_at_configured_max"
  }
}