{
  "metadata": {
    "name": "protgpt2",
    "hf_path": "nferruz/ProtGPT2",
    "hf_path_attempted": [],
    "hf_path_loaded": "nferruz/ProtGPT2",
    "param_count": 774030080,
    "param_count_str": "774.0M",
    "dtype": "float16",
    "weight_memory_mb": 1476.35,
    "hidden_size": 1280,
    "num_layers": 36,
    "num_attention_heads": 20,
    "num_kv_heads": 20,
    "head_dim": 64,
    "max_position_embeddings": 1024,
    "vocab_size": 50257,
    "architecture": "GPT2LMHeadModel",
    "warnings": [
      "Config field 'num_key_value_heads' not found (tried fallbacks: ('num_kv_heads',))",
      "num_key_value_heads not found; falling back to num_attention_heads=20",
      "Applied patch: Added get_head_mask() to ProGenPreTrainedModel (removed in transformers 5.x)",
      "Applied patch: Added get_head_mask() to inner transformer model (GPT2Model)"
    ]
  },
  "primary_result": {
    "model_name": "protgpt2",
    "prompt_token_length": 16,
    "max_new_tokens": 256,
    "actual_new_tokens": 256,
    "total_seq_length": 272,
    "batch_size": 1,
    "use_cache": true,
    "method": "manual_prefill_decode",
    "prefill_time_ms": 9.949694998795167,
    "decode_time_ms": 2017.6337270531803,
    "total_time_ms": 2027.58,
    "decode_tokens_per_sec": 126.39,
    "end_to_end_tokens_per_sec": 126.26,
    "per_step_decode_times_ms": [
      7.935,
      7.863,
      7.943,
      7.795,
      7.784,
      7.754,
      7.728,
      7.794,
      7.823,
      7.731,
      7.785,
      7.929,
      7.795,
      7.78,
      7.808,
      8.003,
      7.986,
      7.873,
      7.844,
      7.787,
      7.782,
      7.988,
      7.788,
      7.825,
      7.775,
      7.817,
      7.831,
      7.748,
      7.815,
      7.763,
      7.961,
      7.951,
      7.777,
      7.743,
      7.745,
      7.799,
      7.781,
      7.774,
      7.899,
      8.025,
      7.79,
      7.892,
      7.829,
      7.851,
      7.812,
      7.804,
      7.853,
      7.83,
      8.003,
      7.807,
      7.843,
      7.836,
      7.792,
      7.852,
      7.865,
      7.845,
      7.802,
      7.828,
      8.083,
      7.805,
      7.801,
      7.778,
      7.845,
      7.869,
      7.819,
      7.88,
      8.048,
      7.868,
      7.876,
      7.861,
      7.79,
      7.859,
      7.825,
      7.868,
      7.778,
      8.003,
      7.827,
      7.832,
      7.793,
      7.761,
      7.774,
      7.81,
      7.849,
      7.873,
      7.788,
      7.808,
      8.028,
      7.802,
      7.748,
      7.837,
      7.811,
      7.842,
      7.906,
      7.783,
      7.799,
      7.853,
      7.864,
      7.781,
      7.827,
      7.856,
      7.863,
      8.202,
      7.801,
      7.894,
      7.844,
      7.801,
      7.791,
      7.835,
      7.825,
      7.872,
      7.856,
      7.824,
      7.825,
      7.838,
      7.99,
      7.918,
      7.788,
      7.856,
      7.831,
      8.028,
      7.88,
      7.829,
      7.802,
      7.831,
      7.803,
      7.741,
      7.848,
      7.867,
      7.908,
      8.128,
      7.761,
      7.88,
      7.839,
      7.829,
      7.772,
      7.987,
      7.863,
      7.805,
      7.79,
      7.76,
      7.849,
      7.8,
      7.866,
      7.787,
      7.791,
      7.866,
      7.815,
      8.229,
      7.932,
      7.867,
      7.839,
      7.819,
      7.888,
      7.789,
      7.845,
      7.862,
      7.846,
      7.823,
      7.895,
      7.819,
      7.838,
      7.888,
      7.754,
      7.851,
      7.845,
      7.848,
      7.823,
      7.793,
      7.862,
      7.798,
      7.788,
      7.766,
      7.894,
      7.843,
      7.873,
      7.831,
      7.807,
      7.855,
      7.846,
      7.858,
      7.818,
      7.93,
      8.018,
      8.01,
      8.069,
      7.987,
      7.944,
      8.453,
      8.747,
      8.431,
      7.926,
      8.162,
      9.107,
      8.378,
      8.002,
      8.246,
      7.907,
      8.118,
      7.856,
      8.196,
      7.922,
      8.154,
      7.808,
      8.008,
      7.95,
      7.893,
      7.843,
      8.004,
      8.088,
      8.076,
      8.141,
      8.126,
      7.779,
      7.966,
      7.801,
      8.013,
      7.804,
      7.957,
      7.859,
      8.094,
      7.788,
      7.913,
      7.88,
      7.847,
      7.848,
      7.832,
      7.848,
      7.845,
      7.934,
      8.184,
      7.84,
      7.987,
      7.881,
      8.016,
      8.019,
      8.042,
      7.845,
      7.859,
      7.88,
      7.834,
      12.22,
      7.972,
      8.018,
      8.021,
      8.042,
      7.971,
      8.152,
      7.924,
      8.096,
      8.083,
      7.99,
      7.998,
      7.932,
      8.221,
      8.021
    ],
    "memory_after_load": {
      "allocated_mb": 1485.470703125,
      "reserved_mb": 1618.0,
      "max_allocated_mb": 1485.470703125,
      "max_reserved_mb": 1618.0
    },
    "memory_after_prefill": {
      "allocated_mb": 1490.15869140625,
      "reserved_mb": 1620.0,
      "max_allocated_mb": 1490.197265625,
      "max_reserved_mb": 1620.0
    },
    "memory_peak": {
      "allocated_mb": 1533.32861328125,
      "reserved_mb": 1672.0,
      "max_allocated_mb": 1534.0048828125,
      "max_reserved_mb": 1672.0
    },
    "theoretical_kv_cache": {
      "total_mb": 47.81,
      "per_token_mb": 0.1758,
      "as_pct_of_weights": 3.24,
      "growth_per_100_tokens_mb": 17.58,
      "seq_len_used": 272
    },
    "observed_peak_allocated_mb": 1534.0,
    "observed_peak_reserved_mb": 1672.0,
    "error": null,
    "warnings": []
  },
  "secondary_result": {
    "model_name": "protgpt2",
    "prompt_token_length": 16,
    "max_new_tokens": 256,
    "actual_new_tokens": 11,
    "total_seq_length": 27,
    "batch_size": 1,
    "use_cache": true,
    "method": "generate_api",
    "prefill_time_ms": null,
    "decode_time_ms": null,
    "total_time_ms": 91.29,
    "decode_tokens_per_sec": 0.0,
    "end_to_end_tokens_per_sec": 120.49,
    "per_step_decode_times_ms": [],
    "memory_after_load": {
      "allocated_mb": 1485.470703125,
      "reserved_mb": 1618.0,
      "max_allocated_mb": 1485.470703125,
      "max_reserved_mb": 1618.0
    },
    "memory_after_prefill": null,
    "memory_peak": {
      "allocated_mb": 1485.47119140625,
      "reserved_mb": 1622.0,
      "max_allocated_mb": 1490.52734375,
      "max_reserved_mb": 1622.0
    },
    "theoretical_kv_cache": {
      "total_mb": 4.75,
      "per_token_mb": 0.1758,
      "as_pct_of_weights": 0.32,
      "growth_per_100_tokens_mb": 17.58,
      "seq_len_used": 27
    },
    "observed_peak_allocated_mb": 1490.53,
    "observed_peak_reserved_mb": 1622.0,
    "error": null,
    "warnings": []
  },
  "theoretical_kv_upper_bound": {
    "total_mb": 47.81,
    "total_bytes": 50135040,
    "per_token_mb": 0.1758,
    "as_pct_of_weights": 3.24,
    "growth_per_100_tokens_mb": 17.58,
    "seq_len_used": 272,
    "label": "upper_bound_at_configured_max"
  }
}