{
  "metadata": {
    "name": "protgpt2",
    "hf_path": "nferruz/ProtGPT2",
    "hf_path_attempted": [],
    "hf_path_loaded": "nferruz/ProtGPT2",
    "param_count": 774030080,
    "param_count_str": "774.0M",
    "dtype": "float16",
    "weight_memory_mb": 1476.35,
    "hidden_size": 1280,
    "num_layers": 36,
    "num_attention_heads": 20,
    "num_kv_heads": 20,
    "head_dim": 64,
    "max_position_embeddings": 1024,
    "vocab_size": 50257,
    "architecture": "GPT2LMHeadModel",
    "warnings": [
      "Config field 'num_key_value_heads' not found (tried fallbacks: ('num_kv_heads',))",
      "num_key_value_heads not found; falling back to num_attention_heads=20",
      "Applied patch: Added get_head_mask() to ProGenPreTrainedModel (removed in transformers 5.x)",
      "Applied patch: Added get_head_mask() to inner transformer model (GPT2Model)"
    ]
  },
  "primary_result": {
    "model_name": "protgpt2",
    "prompt_token_length": 256,
    "max_new_tokens": 128,
    "actual_new_tokens": 128,
    "total_seq_length": 384,
    "batch_size": 1,
    "use_cache": true,
    "method": "manual_prefill_decode",
    "prefill_time_ms": 13.317920005647466,
    "decode_time_ms": 1030.7287070900202,
    "total_time_ms": 1044.05,
    "decode_tokens_per_sec": 123.21,
    "end_to_end_tokens_per_sec": 122.6,
    "per_step_decode_times_ms": [
      8.338,
      8.134,
      8.195,
      8.175,
      8.023,
      8.121,
      8.06,
      8.203,
      8.107,
      8.088,
      7.952,
      8.207,
      8.057,
      8.205,
      7.975,
      8.196,
      7.999,
      9.189,
      8.015,
      8.432,
      8.085,
      8.237,
      8.041,
      8.112,
      7.99,
      8.287,
      8.03,
      8.229,
      7.973,
      8.281,
      7.982,
      8.212,
      7.943,
      8.155,
      7.997,
      8.244,
      8.006,
      8.166,
      8.127,
      8.062,
      7.936,
      8.025,
      8.001,
      8.033,
      8.045,
      7.983,
      8.049,
      7.917,
      8.048,
      7.946,
      8.097,
      8.041,
      8.113,
      7.975,
      8.127,
      7.946,
      8.186,
      7.936,
      8.478,
      8.049,
      8.333,
      7.908,
      8.331,
      7.878,
      8.279,
      7.97,
      8.456,
      8.022,
      8.383,
      7.997,
      8.416,
      8.008,
      8.436,
      7.957,
      8.393,
      7.94,
      8.294,
      7.983,
      8.597,
      8.017,
      8.642,
      8.083,
      8.441,
      8.706,
      8.992,
      8.628,
      8.125,
      7.819,
      8.082,
      7.906,
      8.059,
      7.844,
      8.29,
      7.875,
      8.082,
      7.852,
      7.965,
      8.044,
      7.877,
      8.018,
      7.881,
      8.104,
      7.892,
      8.101,
      7.935,
      8.362,
      7.908,
      8.152,
      7.915,
      8.114,
      7.895,
      8.07,
      7.976,
      8.179,
      7.917,
      8.128,
      7.98,
      8.113,
      7.9,
      8.128,
      7.987,
      8.181,
      8.021,
      8.113,
      8.021,
      8.134,
      7.934
    ],
    "memory_after_load": {
      "allocated_mb": 1485.47216796875,
      "reserved_mb": 1618.0,
      "max_allocated_mb": 1485.47216796875,
      "max_reserved_mb": 1618.0
    },
    "memory_after_prefill": {
      "allocated_mb": 1555.01220703125,
      "reserved_mb": 1716.0,
      "max_allocated_mb": 1555.63671875,
      "max_reserved_mb": 1716.0
    },
    "memory_peak": {
      "allocated_mb": 1552.955078125,
      "reserved_mb": 1740.0,
      "max_allocated_mb": 1555.83056640625,
      "max_reserved_mb": 1740.0
    },
    "theoretical_kv_cache": {
      "total_mb": 67.5,
      "per_token_mb": 0.1758,
      "as_pct_of_weights": 4.57,
      "growth_per_100_tokens_mb": 17.58,
      "seq_len_used": 384
    },
    "observed_peak_allocated_mb": 1555.83,
    "observed_peak_reserved_mb": 1740.0,
    "error": null,
    "warnings": []
  },
  "secondary_result": {
    "model_name": "protgpt2",
    "prompt_token_length": 256,
    "max_new_tokens": 128,
    "actual_new_tokens": 25,
    "total_seq_length": 281,
    "batch_size": 1,
    "use_cache": true,
    "method": "generate_api",
    "prefill_time_ms": null,
    "decode_time_ms": null,
    "total_time_ms": 212.12,
    "decode_tokens_per_sec": 0.0,
    "end_to_end_tokens_per_sec": 117.86,
    "per_step_decode_times_ms": [],
    "memory_after_load": {
      "allocated_mb": 1485.47216796875,
      "reserved_mb": 1618.0,
      "max_allocated_mb": 1485.47216796875,
      "max_reserved_mb": 1618.0
    },
    "memory_after_prefill": null,
    "memory_peak": {
      "allocated_mb": 1485.474609375,
      "reserved_mb": 1712.0,
      "max_allocated_mb": 1544.2294921875,
      "max_reserved_mb": 1712.0
    },
    "theoretical_kv_cache": {
      "total_mb": 49.39,
      "per_token_mb": 0.1758,
      "as_pct_of_weights": 3.35,
      "growth_per_100_tokens_mb": 17.58,
      "seq_len_used": 281
    },
    "observed_peak_allocated_mb": 1544.23,
    "observed_peak_reserved_mb": 1712.0,
    "error": null,
    "warnings": []
  },
  "theoretical_kv_upper_bound": {
    "total_mb": 67.5,
    "total_bytes": 70778880,
    "per_token_mb": 0.1758,
    "as_pct_of_weights": 4.57,
    "growth_per_100_tokens_mb": 17.58,
    "seq_len_used": 384,
    "label": "upper_bound_at_configured_max"
  }
}