{
  "metadata": {
    "name": "protgpt2",
    "hf_path": "nferruz/ProtGPT2",
    "hf_path_attempted": [],
    "hf_path_loaded": "nferruz/ProtGPT2",
    "param_count": 774030080,
    "param_count_str": "774.0M",
    "dtype": "float16",
    "weight_memory_mb": 1476.35,
    "hidden_size": 1280,
    "num_layers": 36,
    "num_attention_heads": 20,
    "num_kv_heads": 20,
    "head_dim": 64,
    "max_position_embeddings": 1024,
    "vocab_size": 50257,
    "architecture": "GPT2LMHeadModel",
    "warnings": [
      "Config field 'num_key_value_heads' not found (tried fallbacks: ('num_kv_heads',))",
      "num_key_value_heads not found; falling back to num_attention_heads=20",
      "Applied patch: Added get_head_mask() to ProGenPreTrainedModel (removed in transformers 5.x)",
      "Applied patch: Added get_head_mask() to inner transformer model (GPT2Model)"
    ]
  },
  "primary_result": {
    "model_name": "protgpt2",
    "prompt_token_length": 32,
    "max_new_tokens": 128,
    "actual_new_tokens": 128,
    "total_seq_length": 160,
    "batch_size": 1,
    "use_cache": true,
    "method": "manual_prefill_decode",
    "prefill_time_ms": 10.208356019575149,
    "decode_time_ms": 1005.3462248761207,
    "total_time_ms": 1015.55,
    "decode_tokens_per_sec": 126.32,
    "end_to_end_tokens_per_sec": 126.04,
    "per_step_decode_times_ms": [
      8.468,
      7.84,
      8.276,
      7.762,
      7.977,
      7.735,
      7.829,
      7.702,
      7.898,
      7.697,
      7.841,
      7.802,
      7.933,
      7.934,
      8.083,
      7.893,
      7.743,
      7.846,
      7.742,
      7.847,
      7.733,
      7.888,
      7.742,
      7.906,
      7.984,
      7.858,
      7.783,
      7.888,
      7.801,
      7.874,
      7.82,
      7.811,
      7.994,
      7.761,
      7.906,
      7.843,
      7.918,
      7.727,
      8.012,
      7.773,
      7.876,
      7.767,
      8.111,
      7.874,
      7.935,
      7.79,
      7.996,
      7.743,
      7.971,
      7.827,
      8.073,
      8.138,
      7.869,
      7.902,
      7.791,
      7.929,
      7.812,
      7.92,
      7.812,
      8.277,
      7.776,
      7.944,
      7.803,
      7.879,
      7.779,
      7.908,
      7.768,
      7.891,
      7.787,
      7.991,
      8.05,
      7.81,
      7.831,
      7.763,
      7.853,
      7.769,
      8.055,
      7.95,
      8.123,
      7.928,
      8.407,
      7.927,
      8.1,
      7.989,
      8.201,
      8.14,
      8.166,
      7.861,
      8.017,
      7.838,
      7.897,
      7.806,
      8.061,
      7.861,
      8.067,
      8.019,
      7.821,
      7.939,
      7.736,
      7.98,
      7.728,
      8.069,
      7.907,
      8.141,
      8.011,
      8.22,
      7.935,
      8.171,
      8.0,
      8.152,
      7.807,
      8.112,
      7.725,
      8.032,
      7.775,
      8.06,
      7.766,
      8.083,
      7.771,
      7.788,
      7.816,
      7.835,
      8.001,
      7.765,
      8.049,
      7.796,
      8.055
    ],
    "memory_after_load": {
      "allocated_mb": 1485.470703125,
      "reserved_mb": 1618.0,
      "max_allocated_mb": 1485.470703125,
      "max_reserved_mb": 1618.0
    },
    "memory_after_prefill": {
      "allocated_mb": 1494.1640625,
      "reserved_mb": 1644.0,
      "max_allocated_mb": 1494.24169921875,
      "max_reserved_mb": 1644.0
    },
    "memory_peak": {
      "allocated_mb": 1513.57861328125,
      "reserved_mb": 1668.0,
      "max_allocated_mb": 1513.9814453125,
      "max_reserved_mb": 1668.0
    },
    "theoretical_kv_cache": {
      "total_mb": 28.12,
      "per_token_mb": 0.1758,
      "as_pct_of_weights": 1.91,
      "growth_per_100_tokens_mb": 17.58,
      "seq_len_used": 160
    },
    "observed_peak_allocated_mb": 1513.98,
    "observed_peak_reserved_mb": 1668.0,
    "error": null,
    "warnings": []
  },
  "secondary_result": {
    "model_name": "protgpt2",
    "prompt_token_length": 32,
    "max_new_tokens": 128,
    "actual_new_tokens": 4,
    "total_seq_length": 36,
    "batch_size": 1,
    "use_cache": true,
    "method": "generate_api",
    "prefill_time_ms": null,
    "decode_time_ms": null,
    "total_time_ms": 35.81,
    "decode_tokens_per_sec": 0.0,
    "end_to_end_tokens_per_sec": 111.72,
    "per_step_decode_times_ms": [],
    "memory_after_load": {
      "allocated_mb": 1485.470703125,
      "reserved_mb": 1618.0,
      "max_allocated_mb": 1485.470703125,
      "max_reserved_mb": 1618.0
    },
    "memory_after_prefill": null,
    "memory_peak": {
      "allocated_mb": 1485.47119140625,
      "reserved_mb": 1624.0,
      "max_allocated_mb": 1492.8173828125,
      "max_reserved_mb": 1624.0
    },
    "theoretical_kv_cache": {
      "total_mb": 6.33,
      "per_token_mb": 0.1758,
      "as_pct_of_weights": 0.43,
      "growth_per_100_tokens_mb": 17.58,
      "seq_len_used": 36
    },
    "observed_peak_allocated_mb": 1492.82,
    "observed_peak_reserved_mb": 1624.0,
    "error": null,
    "warnings": []
  },
  "theoretical_kv_upper_bound": {
    "total_mb": 28.12,
    "total_bytes": 29491200,
    "per_token_mb": 0.1758,
    "as_pct_of_weights": 1.91,
    "growth_per_100_tokens_mb": 17.58,
    "seq_len_used": 160,
    "label": "upper_bound_at_configured_max"
  }
}