{
  "metadata": {
    "name": "protgpt2",
    "hf_path": "nferruz/ProtGPT2",
    "hf_path_attempted": [],
    "hf_path_loaded": "nferruz/ProtGPT2",
    "param_count": 774030080,
    "param_count_str": "774.0M",
    "dtype": "float16",
    "weight_memory_mb": 1476.35,
    "hidden_size": 1280,
    "num_layers": 36,
    "num_attention_heads": 20,
    "num_kv_heads": 20,
    "head_dim": 64,
    "max_position_embeddings": 1024,
    "vocab_size": 50257,
    "architecture": "GPT2LMHeadModel",
    "warnings": [
      "Config field 'num_key_value_heads' not found (tried fallbacks: ('num_kv_heads',))",
      "num_key_value_heads not found; falling back to num_attention_heads=20",
      "Applied patch: Added get_head_mask() to ProGenPreTrainedModel (removed in transformers 5.x)",
      "Applied patch: Added get_head_mask() to inner transformer model (GPT2Model)"
    ]
  },
  "primary_result": {
    "model_name": "protgpt2",
    "prompt_token_length": 128,
    "max_new_tokens": 512,
    "actual_new_tokens": 512,
    "total_seq_length": 640,
    "batch_size": 1,
    "use_cache": true,
    "method": "manual_prefill_decode",
    "prefill_time_ms": 11.359791998984292,
    "decode_time_ms": 4116.590441582957,
    "total_time_ms": 4127.95,
    "decode_tokens_per_sec": 124.13,
    "end_to_end_tokens_per_sec": 124.03,
    "per_step_decode_times_ms": [
      8.398,
      7.956,
      8.098,
      7.749,
      8.102,
      7.826,
      8.054,
      7.92,
      8.152,
      7.973,
      7.966,
      7.81,
      7.779,
      8.111,
      7.768,
      7.997,
      7.712,
      8.035,
      7.682,
      8.055,
      7.72,
      8.017,
      7.683,
      7.941,
      7.704,
      8.005,
      7.707,
      7.978,
      7.825,
      8.11,
      7.816,
      7.781,
      7.843,
      7.916,
      7.946,
      8.153,
      8.023,
      7.792,
      8.022,
      7.775,
      8.09,
      7.729,
      8.048,
      7.741,
      7.975,
      7.902,
      8.153,
      7.943,
      8.169,
      8.103,
      8.074,
      8.072,
      8.187,
      8.069,
      8.109,
      8.129,
      8.113,
      7.921,
      7.767,
      7.981,
      7.771,
      8.337,
      7.746,
      8.022,
      7.778,
      8.052,
      7.746,
      7.972,
      7.699,
      8.081,
      8.088,
      7.99,
      7.966,
      8.048,
      7.795,
      8.135,
      8.262,
      8.177,
      7.759,
      7.958,
      7.755,
      7.862,
      7.945,
      7.81,
      7.909,
      7.76,
      7.972,
      7.73,
      8.116,
      7.76,
      8.287,
      7.763,
      8.114,
      7.764,
      8.179,
      7.721,
      8.043,
      7.797,
      8.004,
      7.699,
      7.97,
      7.698,
      7.853,
      7.833,
      7.768,
      8.015,
      7.845,
      8.124,
      7.88,
      8.043,
      7.784,
      8.073,
      7.787,
      8.129,
      7.783,
      7.983,
      7.754,
      8.027,
      7.728,
      8.088,
      7.876,
      8.062,
      8.097,
      8.073,
      8.006,
      7.775,
      8.071,
      7.86,
      8.186,
      7.883,
      8.142,
      7.927,
      8.274,
      7.996,
      8.262,
      7.981,
      8.228,
      7.92,
      8.224,
      7.897,
      8.216,
      8.117,
      8.167,
      8.196,
      8.103,
      9.106,
      8.268,
      7.886,
      8.298,
      7.847,
      8.272,
      8.091,
      8.15,
      7.966,
      8.079,
      7.896,
      8.004,
      7.864,
      8.071,
      7.846,
      8.064,
      7.988,
      8.076,
      7.91,
      8.035,
      7.923,
      7.946,
      7.988,
      7.955,
      8.205,
      8.189,
      8.349,
      8.228,
      8.236,
      8.429,
      8.294,
      8.154,
      8.139,
      8.165,
      8.18,
      8.099,
      8.146,
      8.073,
      8.13,
      7.947,
      8.223,
      7.988,
      8.074,
      7.935,
      8.118,
      7.983,
      8.088,
      7.95,
      8.173,
      8.126,
      8.251,
      7.961,
      8.296,
      7.913,
      8.207,
      7.875,
      8.126,
      7.879,
      8.306,
      7.893,
      7.827,
      8.015,
      7.867,
      8.101,
      7.885,
      8.171,
      7.861,
      8.169,
      7.816,
      8.236,
      8.014,
      8.28,
      8.034,
      8.202,
      7.975,
      8.448,
      8.098,
      8.412,
      8.019,
      8.269,
      7.952,
      8.219,
      7.948,
      8.318,
      7.923,
      8.178,
      7.958,
      8.239,
      8.004,
      8.213,
      7.963,
      8.25,
      8.011,
      8.191,
      7.979,
      8.305,
      8.114,
      8.369,
      7.951,
      8.031,
      8.061,
      7.922,
      8.048,
      8.011,
      8.233,
      8.201,
      8.082,
      8.163,
      8.167,
      8.069,
      8.09,
      7.959,
      8.336,
      8.14,
      8.319,
      8.048,
      8.19,
      8.041,
      8.202,
      7.93,
      8.335,
      8.024,
      8.21,
      8.064,
      8.228,
      8.063,
      8.157,
      8.098,
      8.285,
      7.908,
      8.2,
      8.037,
      8.2,
      8.136,
      8.253,
      7.907,
      8.178,
      8.122,
      8.09,
      7.979,
      8.093,
      8.013,
      8.001,
      7.907,
      7.894,
      8.0,
      7.816,
      8.156,
      7.952,
      8.267,
      8.012,
      8.221,
      8.142,
      8.267,
      11.184,
      9.629,
      8.548,
      8.266,
      8.315,
      8.06,
      8.166,
      7.965,
      8.261,
      8.201,
      8.17,
      7.952,
      8.174,
      7.924,
      8.12,
      8.059,
      7.938,
      7.925,
      7.969,
      8.074,
      7.951,
      8.011,
      7.884,
      8.139,
      7.843,
      8.065,
      7.888,
      8.21,
      7.98,
      8.084,
      7.882,
      8.041,
      7.912,
      8.022,
      7.97,
      8.107,
      7.973,
      8.08,
      7.949,
      8.154,
      7.999,
      8.06,
      7.839,
      8.047,
      8.315,
      7.966,
      7.992,
      7.95,
      8.061,
      8.015,
      7.969,
      7.924,
      8.236,
      7.994,
      8.163,
      7.932,
      8.172,
      7.945,
      8.04,
      8.1,
      8.226,
      8.018,
      8.036,
      8.026,
      8.173,
      8.035,
      8.058,
      7.955,
      8.314,
      8.023,
      8.047,
      7.867,
      8.168,
      7.935,
      8.149,
      7.976,
      8.134,
      8.035,
      7.988,
      7.966,
      8.103,
      8.12,
      7.978,
      7.963,
      7.996,
      8.414,
      8.026,
      7.987,
      7.961,
      8.179,
      7.991,
      8.128,
      7.9,
      8.185,
      8.023,
      8.107,
      8.006,
      8.338,
      8.075,
      8.17,
      8.021,
      8.218,
      8.008,
      8.225,
      7.987,
      8.209,
      8.085,
      8.134,
      7.967,
      8.205,
      8.069,
      8.112,
      7.892,
      8.072,
      7.966,
      8.056,
      8.221,
      8.302,
      8.255,
      8.469,
      8.275,
      8.587,
      9.61,
      8.518,
      8.18,
      8.352,
      7.956,
      8.216,
      7.878,
      8.104,
      7.81,
      8.129,
      8.016,
      7.905,
      7.945,
      7.932,
      8.007,
      7.915,
      7.99,
      7.893,
      8.145,
      7.954,
      8.195,
      7.904,
      8.189,
      7.893,
      8.283,
      7.957,
      8.23,
      7.915,
      8.186,
      7.994,
      8.163,
      7.863,
      8.156,
      7.92,
      8.178,
      7.983,
      8.168,
      7.905,
      8.165,
      7.888,
      8.087,
      7.916,
      7.9,
      7.974,
      7.874,
      8.07,
      7.807,
      8.165,
      7.842,
      8.158,
      7.979,
      8.094,
      7.923,
      8.154,
      7.895,
      8.084,
      7.855,
      8.077,
      7.868,
      8.168,
      7.808,
      8.193,
      7.854,
      8.085,
      7.889,
      8.722,
      7.954,
      8.229,
      7.969,
      8.155,
      7.871,
      8.119,
      7.896,
      7.913,
      8.157,
      7.988,
      8.186,
      7.931,
      8.093,
      7.918,
      8.151,
      8.186,
      8.29,
      7.969,
      8.221,
      7.964,
      8.211,
      7.9,
      8.188,
      7.869
    ],