{
  "metadata": {
    "name": "protgpt2",
    "hf_path": "nferruz/ProtGPT2",
    "hf_path_attempted": [],
    "hf_path_loaded": "nferruz/ProtGPT2",
    "param_count": 774030080,
    "param_count_str": "774.0M",
    "dtype": "float16",
    "weight_memory_mb": 1476.35,
    "hidden_size": 1280,
    "num_layers": 36,
    "num_attention_heads": 20,
    "num_kv_heads": 20,
    "head_dim": 64,
    "max_position_embeddings": 1024,
    "vocab_size": 50257,
    "architecture": "GPT2LMHeadModel",
    "warnings": [
      "Config field 'num_key_value_heads' not found (tried fallbacks: ('num_kv_heads',))",
      "num_key_value_heads not found; falling back to num_attention_heads=20",
      "Applied patch: Added get_head_mask() to ProGenPreTrainedModel (removed in transformers 5.x)",
      "Applied patch: Added get_head_mask() to inner transformer model (GPT2Model)"
    ]
  },
  "primary_result": {
    "model_name": "protgpt2",
    "prompt_token_length": 128,
    "max_new_tokens": 128,
    "actual_new_tokens": 128,
    "total_seq_length": 256,
    "batch_size": 1,
    "use_cache": true,
    "method": "manual_prefill_decode",
    "prefill_time_ms": 11.551122006494552,
    "decode_time_ms": 1006.0375010070857,
    "total_time_ms": 1017.59,
    "decode_tokens_per_sec": 126.24,
    "end_to_end_tokens_per_sec": 125.79,
    "per_step_decode_times_ms": [
      8.46,
      8.234,
      7.857,
      7.785,
      8.032,
      7.838,
      8.05,
      7.892,
      8.027,
      7.755,
      8.005,
      7.955,
      8.072,
      7.992,
      7.958,
      7.948,
      7.802,
      7.893,
      7.894,
      7.841,
      7.884,
      7.833,
      7.81,
      7.717,
      7.928,
      7.813,
      7.882,
      7.723,
      7.818,
      7.799,
      7.933,
      7.907,
      7.999,
      7.927,
      7.993,
      8.25,
      7.886,
      8.026,
      8.054,
      8.128,
      7.85,
      8.072,
      7.822,
      8.098,
      7.862,
      8.013,
      7.856,
      8.021,
      7.828,
      7.813,
      7.984,
      7.829,
      8.038,
      7.871,
      8.051,
      7.878,
      8.087,
      7.842,
      8.109,
      8.032,
      8.194,
      8.28,
      7.97,
      8.848,
      8.107,
      8.6,
      8.01,
      7.808,
      7.802,
      7.83,
      7.834,
      7.806,
      7.803,
      7.754,
      7.825,
      7.897,
      8.39,
      7.905,
      7.729,
      7.777,
      7.767,
      8.008,
      8.282,
      8.062,
      7.913,
      8.001,
      7.778,
      7.823,
      7.868,
      7.941,
      7.748,
      7.979,
      7.757,
      7.858,
      7.824,
      7.806,
      7.809,
      7.747,
      7.844,
      7.791,
      7.839,
      7.955,
      7.995,
      7.77,
      7.797,
      7.74,
      7.814,
      7.766,
      7.798,
      7.737,
      7.815,
      7.814,
      7.773,
      7.849,
      7.793,
      7.857,
      7.781,
      7.808,
      7.813,
      7.82,
      8.025,
      7.783,
      8.265,
      7.85,
      7.818,
      7.869,
      7.769
    ],
    "memory_after_load": {
      "allocated_mb": 1485.47119140625,
      "reserved_mb": 1618.0,
      "max_allocated_mb": 1485.47119140625,
      "max_reserved_mb": 1618.0
    },
    "memory_after_prefill": {
      "allocated_mb": 1520.24169921875,
      "reserved_mb": 1658.0,
      "max_allocated_mb": 1520.5537109375,
      "max_reserved_mb": 1658.0
    },
    "memory_peak": {
      "allocated_mb": 1530.4541015625,
      "reserved_mb": 1682.0,
      "max_allocated_mb": 1531.09130859375,
      "max_reserved_mb": 1682.0
    },
    "theoretical_kv_cache": {
      "total_mb": 45.0,
      "per_token_mb": 0.1758,
      "as_pct_of_weights": 3.05,
      "growth_per_100_tokens_mb": 17.58,
      "seq_len_used": 256
    },
    "observed_peak_allocated_mb": 1531.09,
    "observed_peak_reserved_mb": 1682.0,
    "error": null,
    "warnings": []
  },
  "secondary_result": {
    "model_name": "protgpt2",
    "prompt_token_length": 128,
    "max_new_tokens": 128,
    "actual_new_tokens": 5,
    "total_seq_length": 133,
    "batch_size": 1,
    "use_cache": true,
    "method": "generate_api",
    "prefill_time_ms": null,
    "decode_time_ms": null,
    "total_time_ms": 44.58,
    "decode_tokens_per_sec": 0.0,
    "end_to_end_tokens_per_sec": 112.15,
    "per_step_decode_times_ms": [],
    "memory_after_load": {
      "allocated_mb": 1485.47119140625,
      "reserved_mb": 1618.0,
      "max_allocated_mb": 1485.47119140625,
      "max_reserved_mb": 1618.0
    },
    "memory_after_prefill": null,
    "memory_peak": {
      "allocated_mb": 1485.47265625,
      "reserved_mb": 1646.0,
      "max_allocated_mb": 1514.8505859375,
      "max_reserved_mb": 1646.0
    },
    "theoretical_kv_cache": {
      "total_mb": 23.38,
      "per_token_mb": 0.1758,
      "as_pct_of_weights": 1.58,
      "growth_per_100_tokens_mb": 17.58,
      "seq_len_used": 133
    },
    "observed_peak_allocated_mb": 1514.85,
    "observed_peak_reserved_mb": 1646.0,
    "error": null,
    "warnings": []
  },
  "theoretical_kv_upper_bound": {
    "total_mb": 45.0,
    "total_bytes": 47185920,
    "per_token_mb": 0.1758,
    "as_pct_of_weights": 3.05,
    "growth_per_100_tokens_mb": 17.58,
    "seq_len_used": 256,
    "label": "upper_bound_at_configured_max"
  }
}