{
  "metadata": {
    "name": "protgpt2",
    "hf_path": "nferruz/ProtGPT2",
    "hf_path_attempted": [],
    "hf_path_loaded": "nferruz/ProtGPT2",
    "param_count": 774030080,
    "param_count_str": "774.0M",
    "dtype": "float16",
    "weight_memory_mb": 1476.35,
    "hidden_size": 1280,
    "num_layers": 36,
    "num_attention_heads": 20,
    "num_kv_heads": 20,
    "head_dim": 64,
    "max_position_embeddings": 1024,
    "vocab_size": 50257,
    "architecture": "GPT2LMHeadModel",
    "warnings": [
      "Config field 'num_key_value_heads' not found (tried fallbacks: ('num_kv_heads',))",
      "num_key_value_heads not found; falling back to num_attention_heads=20",
      "Applied patch: Added get_head_mask() to ProGenPreTrainedModel (removed in transformers 5.x)",
      "Applied patch: Added get_head_mask() to inner transformer model (GPT2Model)"
    ]
  },
  "primary_result": {
    "model_name": "protgpt2",
    "prompt_token_length": 64,
    "max_new_tokens": 512,
    "actual_new_tokens": 512,
    "total_seq_length": 576,
    "batch_size": 1,
    "use_cache": true,
    "method": "manual_prefill_decode",
    "prefill_time_ms": 10.743068007286638,
    "decode_time_ms": 4108.581167005468,
    "total_time_ms": 4119.32,
    "decode_tokens_per_sec": 124.37,
    "end_to_end_tokens_per_sec": 124.29,
    "per_step_decode_times_ms": [
      8.044,
      8.112,
      7.879,
      7.975,
      7.806,
      7.831,
      8.106,
      7.896,
      8.04,
      7.865,
      7.952,
      7.811,
      7.944,
      8.464,
      8.028,
      7.72,
      8.007,
      7.785,
      8.149,
      7.901,
      7.976,
      7.868,
      7.914,
      7.793,
      7.923,
      7.754,
      7.989,
      7.769,
      7.954,
      7.907,
      7.788,
      7.923,
      7.706,
      8.27,
      7.771,
      8.584,
      7.73,
      8.256,
      8.101,
      9.15,
      7.643,
      8.31,
      7.753,
      8.212,
      7.769,
      8.212,
      8.402,
      9.203,
      8.502,
      10.733,
      10.526,
      11.532,
      11.946,
      10.241,
      8.678,
      8.699,
      8.037,
      8.08,
      7.811,
      7.973,
      7.703,
      7.859,
      7.763,
      7.797,
      7.831,
      7.758,
      8.013,
      7.846,
      8.164,
      7.886,
      8.108,
      7.88,
      8.413,
      7.836,
      7.992,
      7.748,
      7.909,
      7.712,
      8.162,
      7.815,
      7.948,
      7.747,
      7.917,
      7.834,
      7.826,
      7.977,
      7.785,
      7.961,
      7.806,
      9.517,
      9.033,
      7.908,
      7.781,
      7.85,
      7.865,
      8.053,
      7.807,
      7.977,
      8.032,
      8.223,
      7.907,
      8.021,
      7.885,
      8.126,
      7.981,
      8.14,
      8.161,
      8.314,
      7.984,
      7.95,
      8.024,
      8.032,
      7.818,
      7.862,
      7.869,
      7.864,
      7.836,
      7.696,
      8.332,
      7.941,
      7.811,
      7.766,
      7.817,
      7.863,
      7.791,
      7.849,
      7.948,
      7.746,
      8.197,
      8.526,
      8.165,
      7.972,
      7.744,
      7.793,
      8.159,
      7.924,
      7.957,
      7.813,
      8.167,
      7.872,
      8.333,
      7.845,
      8.489,
      7.719,
      7.663,
      8.408,
      7.933,
      7.737,
      7.805,
      7.84,
      7.875,
      7.765,
      7.681,
      7.815,
      7.919,
      7.856,
      7.652,
      7.772,
      7.869,
      7.798,
      7.679,
      7.886,
      7.938,
      7.744,
      7.98,
      7.784,
      8.384,
      7.811,
      7.9,
      7.816,
      7.846,
      8.136,
      8.116,
      8.218,
      7.969,
      8.586,
      8.136,
      8.154,
      8.132,
      7.815,
      7.727,
      7.739,
      7.761,
      7.962,
      7.746,
      7.968,
      7.85,
      8.328,
      8.438,
      7.979,
      8.123,
      7.882,
      7.845,
      7.909,
      7.821,
      7.97,
      7.885,
      7.89,
      7.884,
      7.898,
      7.903,
      7.939,
      7.91,
      8.674,
      7.853,
      7.892,
      8.214,
      7.89,
      7.945,
      8.739,
      8.231,
      8.018,
      7.836,
      7.857,
      7.952,
      7.869,
      7.785,
      7.901,
      7.825,
      8.308,
      7.948,
      8.088,
      8.046,
      8.084,
      7.832,
      8.064,
      7.922,
      8.05,
      8.002,
      7.997,
      8.035,
      8.066,
      7.935,
      8.374,
      8.0,
      8.572,
      8.417,
      8.347,
      8.064,
      7.954,
      8.076,
      7.873,
      7.859,
      7.893,
      8.017,
      7.866,
      7.937,
      7.886,
      7.889,
      7.861,
      7.949,
      7.938,
      8.078,
      7.887,
      8.106,
      8.113,
      7.838,
      7.999,
      7.91,
      7.846,
      8.041,
      7.828,
      7.862,
      7.813,
      7.808,
      8.016,
      7.872,
      7.85,
      8.08,
      7.893,
      8.035,
      7.906,
      7.898,
      7.865,
      7.896,
      7.906,
      7.943,
      7.895,
      7.924,
      7.944,
      7.933,
      7.924,
      7.934,
      7.903,
      8.021,
      7.881,
      8.12,
      7.866,
      8.075,
      8.125,
      8.033,
      8.689,
      7.896,
      8.61,
      8.085,
      8.121,
      7.985,
      7.997,
      8.001,
      8.006,
      8.042,
      8.013,
      8.004,
      8.007,
      8.032,
      7.994,
      8.028,
      8.07,
      8.018,
      8.044,
      8.0,
      8.205,
      8.03,
      7.869,
      7.971,
      8.117,
      8.08,
      8.002,
      7.943,
      8.072,
      8.095,
      8.014,
      7.993,
      8.235,
      8.038,
      8.113,
      8.016,
      8.048,
      8.002,
      7.902,
      7.998,
      7.993,
      8.078,
      7.91,
      8.018,
      8.007,
      8.09,
      7.988,
      8.091,
      8.018,
      8.101,
      8.257,
      8.068,
      7.953,
      8.189,
      8.112,
      7.977,
      7.995,
      7.994,
      8.006,
      7.874,
      7.969,
      8.067,
      7.992,
      7.932,
      8.128,
      8.095,
      8.052,
      7.773,
      8.868,
      7.84,
      7.908,
      9.078,
      8.32,
      7.765,
      7.867,
      7.86,
      8.013,
      7.757,
      7.873,
      7.929,
      7.866,
      7.827,
      7.816,
      7.907,
      7.921,
      7.824,
      7.787,
      8.303,
      9.131,
      7.801,
      8.329,
      8.026,
      8.242,
      7.812,
      8.076,
      7.968,
      8.074,
      7.915,
      7.872,
      7.963,
      7.856,
      7.979,
      8.32,
      8.389,
      8.355,
      7.955,
      8.126,
      8.014,
      7.842,
      7.893,
      8.042,
      7.918,
      7.804,
      7.793,
      7.898,
      7.971,
      7.898,
      7.815,
      7.922,
      8.075,
      7.904,
      7.916,
      7.869,
      8.026,
      8.589,
      8.158,
      8.069,
      8.024,
      7.869,
      7.972,
      8.117,
      8.08,
      8.139,
      7.793,
      7.96,
      7.844,
      8.116,
      7.826,
      8.289,
      7.977,
      8.157,
      7.936,
      8.217,
      8.118,
      8.098,
      7.906,
      8.122,
      7.962,
      8.03,
      7.796,
      7.961,
      8.022,
      8.027,
      7.954,
      8.002,
      7.998,
      7.992,
      8.635,
      8.072,
      8.622,
      8.482,
      8.542,
      8.191,
      8.434,
      8.092,
      8.398,
      8.369,
      8.008,
      8.007,
      8.007,
      7.823,
      7.956,
      7.98,
      8.019,
      7.88,
      7.838,
      7.942,
      7.962,
      7.86,
      7.833,
      7.926,
      8.005,
      7.903,
      7.781,
      7.972,
      8.084,
      8.088,
      8.007,
      9.063,
      7.918,
      7.89,
      7.903,
      9.351,
      9.14,
      7.944,
      7.887,
      7.773,
      7.994,
      7.956,
      7.873,
      7.741,
      8.077,
      7.828,
      7.867,
      7.801,
      7.828,
      9.084,
      7.85,
      7.865,
      8.017,
      7.85,
      7.808,
      7.821,
      7.783,
      7.844,
      7.759,
      7.945,
      8.087,
      8.037,
      7.899
    ],