{
  "metadata": {
    "name": "protgpt2",
    "hf_path": "nferruz/ProtGPT2",
    "hf_path_attempted": [],
    "hf_path_loaded": "nferruz/ProtGPT2",
    "param_count": 774030080,
    "param_count_str": "774.0M",
    "dtype": "float16",
    "weight_memory_mb": 1476.35,
    "hidden_size": 1280,
    "num_layers": 36,
    "num_attention_heads": 20,
    "num_kv_heads": 20,
    "head_dim": 64,
    "max_position_embeddings": 1024,
    "vocab_size": 50257,
    "architecture": "GPT2LMHeadModel",
    "warnings": [
      "Config field 'num_key_value_heads' not found (tried fallbacks: ('num_kv_heads',))",
      "num_key_value_heads not found; falling back to num_attention_heads=20",
      "Applied patch: Added get_head_mask() to ProGenPreTrainedModel (removed in transformers 5.x)",
      "Applied patch: Added get_head_mask() to inner transformer model (GPT2Model)"
    ]
  },
  "primary_result": {
    "model_name": "protgpt2",
    "prompt_token_length": 256,
    "max_new_tokens": 256,
    "actual_new_tokens": 256,
    "total_seq_length": 512,
    "batch_size": 1,
    "use_cache": true,
    "method": "manual_prefill_decode",
    "prefill_time_ms": 13.266819005366415,
    "decode_time_ms": 2067.893567873398,
    "total_time_ms": 2081.16,
    "decode_tokens_per_sec": 123.31,
    "end_to_end_tokens_per_sec": 123.01,
    "per_step_decode_times_ms": [
      8.599,
      8.166,
      8.301,
      7.917,
      8.069,
      7.961,
      8.094,
      7.886,
      8.204,
      8.115,
      8.092,
      8.135,
      8.091,
      8.162,
      8.159,
      8.052,
      8.125,
      9.114,
      8.183,
      8.184,
      8.005,
      8.045,
      8.087,
      8.04,
      8.011,
      8.038,
      8.008,
      8.167,
      8.019,
      8.303,
      8.081,
      8.303,
      8.045,
      8.194,
      8.051,
      8.251,
      8.256,
      8.21,
      8.157,
      8.262,
      8.088,
      8.261,
      7.977,
      8.264,
      8.119,
      8.346,
      8.105,
      8.399,
      8.403,
      8.447,
      8.375,
      8.246,
      8.267,
      8.21,
      8.118,
      8.098,
      8.12,
      8.149,
      7.982,
      8.25,
      8.097,
      8.167,
      8.019,
      8.186,
      7.912,
      8.09,
      8.028,
      8.206,
      8.086,
      8.2,
      8.122,
      8.439,
      7.937,
      8.509,
      8.191,
      8.306,
      8.01,
      8.077,
      8.111,
      7.952,
      8.098,
      7.919,
      8.191,
      8.139,
      8.192,
      8.036,
      8.129,
      8.276,
      8.137,
      8.115,
      8.123,
      8.192,
      8.239,
      8.099,
      8.101,
      8.121,
      8.235,
      8.053,
      8.133,
      8.103,
      8.167,
      8.045,
      8.13,
      8.076,
      8.255,
      8.232,
      8.143,
      8.03,
      8.237,
      8.114,
      8.032,
      8.031,
      8.255,
      7.94,
      8.128,
      7.949,
      8.153,
      8.011,
      8.231,
      7.99,
      8.248,
      7.972,
      8.419,
      8.341,
      8.502,
      8.128,
      8.33,
      7.919,
      8.039,
      7.99,
      8.056,
      8.023,
      7.997,
      8.034,
      8.032,
      8.221,
      7.976,
      8.314,
      7.961,
      8.147,
      7.969,
      8.277,
      7.939,
      8.128,
      7.976,
      8.152,
      8.02,
      8.247,
      8.176,
      8.378,
      8.145,
      8.463,
      8.016,
      8.271,
      7.955,
      8.082,
      7.902,
      8.076,
      7.878,
      8.094,
      7.819,
      8.047,
      7.936,
      8.152,
      7.935,
      8.003,
      7.957,
      8.198,
      8.252,
      8.613,
      8.308,
      8.512,
      8.349,
      8.551,
      8.096,
      8.338,
      7.965,
      8.026,
      7.911,
      7.964,
      8.003,
      7.887,
      8.057,
      7.875,
      8.014,
      7.849,
      8.124,
      7.954,
      8.188,
      8.072,
      8.181,
      8.035,
      8.128,
      7.924,
      8.099,
      7.947,
      8.134,
      7.864,
      8.106,
      7.91,
      8.1,
      7.861,
      8.144,
      7.943,
      8.275,
      8.329,
      8.191,
      7.909,
      7.97,
      7.936,
      7.923,
      8.064,
      8.057,
      8.08,
      7.915,
      8.167,
      7.848,
      8.032,
      7.893,
      8.094,
      7.859,
      8.001,
      7.871,
      8.023,
      7.889,
      8.021,
      7.868,
      8.09,
      7.922,
      8.063,
      7.923,
      8.015,
      7.929,
      8.076,
      7.985,
      7.958,
      8.071,
      8.317,
      8.22,
      8.406,
      8.162,
      8.141,
      8.028,
      8.119,
      8.171,
      7.919,
      8.048,
      7.892,
      8.14,
      7.934,
      8.086,
      7.962,
      8.426,
      7.819,
      7.939
    ],
    "memory_after_load": {
      "allocated_mb": 1485.47216796875,
      "reserved_mb": 1618.0,
      "max_allocated_mb": 1485.47216796875,
      "max_reserved_mb": 1618.0
    },
    "memory_after_prefill": {
      "allocated_mb": 1555.01220703125,
      "reserved_mb": 1716.0,
      "max_allocated_mb": 1555.63671875,
      "max_reserved_mb": 1716.0
    },
    "memory_peak": {
      "allocated_mb": 1584.99560546875,
      "reserved_mb": 1742.0,
      "max_allocated_mb": 1586.5126953125,
      "max_reserved_mb": 1742.0
    },
    "theoretical_kv_cache": {
      "total_mb": 90.0,
      "per_token_mb": 0.1758,
      "as_pct_of_weights": 6.1,
      "growth_per_100_tokens_mb": 17.58,
      "seq_len_used": 512
    },
    "observed_peak_allocated_mb": 1586.51,
    "observed_peak_reserved_mb": 1742.0,
    "error": null,
    "warnings": []
  },
  "secondary_result": {
    "model_name": "protgpt2",
    "prompt_token_length": 256,
    "max_new_tokens": 256,
    "actual_new_tokens": 25,
    "total_seq_length": 281,
    "batch_size": 1,
    "use_cache": true,
    "method": "generate_api",
    "prefill_time_ms": null,
    "decode_time_ms": null,
    "total_time_ms": 214.81,
    "decode_tokens_per_sec": 0.0,
    "end_to_end_tokens_per_sec": 116.38,
    "per_step_decode_times_ms": [],
    "memory_after_load": {
      "allocated_mb": 1485.47216796875,
      "reserved_mb": 1618.0,
      "max_allocated_mb": 1485.47216796875,
      "max_reserved_mb": 1618.0
    },
    "memory_after_prefill": null,
    "memory_peak": {
      "allocated_mb": 1485.474609375,
      "reserved_mb": 1712.0,
      "max_allocated_mb": 1544.2294921875,
      "max_reserved_mb": 1712.0
    },
    "theoretical_kv_cache": {
      "total_mb": 49.39,
      "per_token_mb": 0.1758,
      "as_pct_of_weights": 3.35,
      "growth_per_100_tokens_mb": 17.58,
      "seq_len_used": 281
    },
    "observed_peak_allocated_mb": 1544.23,
    "observed_peak_reserved_mb": 1712.0,
    "error": null,
    "warnings": []
  },
  "theoretical_kv_upper_bound": {
    "total_mb": 90.0,
    "total_bytes": 94371840,
    "per_token_mb": 0.1758,
    "as_pct_of_weights": 6.1,
    "growth_per_100_tokens_mb": 17.58,
    "seq_len_used": 512,
    "label": "upper_bound_at_configured_max"
  }
}