{
  "metadata": {
    "name": "protgpt2",
    "hf_path": "nferruz/ProtGPT2",
    "hf_path_attempted": [],
    "hf_path_loaded": "nferruz/ProtGPT2",
    "param_count": 774030080,
    "param_count_str": "774.0M",
    "dtype": "float16",
    "weight_memory_mb": 1476.35,
    "hidden_size": 1280,
    "num_layers": 36,
    "num_attention_heads": 20,
    "num_kv_heads": 20,
    "head_dim": 64,
    "max_position_embeddings": 1024,
    "vocab_size": 50257,
    "architecture": "GPT2LMHeadModel",
    "warnings": [
      "Config field 'num_key_value_heads' not found (tried fallbacks: ('num_kv_heads',))",
      "num_key_value_heads not found; falling back to num_attention_heads=20",
      "Applied patch: Added get_head_mask() to ProGenPreTrainedModel (removed in transformers 5.x)",
      "Applied patch: Added get_head_mask() to inner transformer model (GPT2Model)"
    ]
  },
  "primary_result": {
    "model_name": "protgpt2",
    "prompt_token_length": 128,
    "max_new_tokens": 64,
    "actual_new_tokens": 64,
    "total_seq_length": 192,
    "batch_size": 1,
    "use_cache": true,
    "method": "manual_prefill_decode",
    "prefill_time_ms": 11.229600990191102,
    "decode_time_ms": 494.0906192350667,
    "total_time_ms": 505.32,
    "decode_tokens_per_sec": 127.51,
    "end_to_end_tokens_per_sec": 126.65,
    "per_step_decode_times_ms": [
      8.072,
      7.959,
      7.784,
      7.796,
      7.704,
      7.758,
      7.812,
      7.776,
      7.794,
      7.761,
      7.726,
      7.791,
      7.786,
      7.768,
      7.915,
      7.743,
      7.768,
      7.77,
      7.831,
      7.768,
      7.809,
      7.732,
      7.827,
      7.729,
      7.866,
      7.944,
      7.849,
      7.837,
      7.741,
      7.893,
      7.796,
      7.845,
      7.797,
      7.846,
      7.789,
      8.311,
      7.854,
      7.764,
      7.858,
      7.933,
      7.834,
      7.885,
      7.806,
      7.866,
      7.836,
      7.784,
      7.842,
      7.897,
      7.952,
      7.823,
      7.763,
      7.781,
      7.884,
      7.953,
      7.985,
      7.808,
      7.876,
      7.94,
      7.85,
      7.764,
      7.861,
      8.081,
      7.915
    ],
    "memory_after_load": {
      "allocated_mb": 1485.47119140625,
      "reserved_mb": 1618.0,
      "max_allocated_mb": 1485.47119140625,
      "max_reserved_mb": 1618.0
    },
    "memory_after_prefill": {
      "allocated_mb": 1520.24169921875,
      "reserved_mb": 1658.0,
      "max_allocated_mb": 1520.5537109375,
      "max_reserved_mb": 1658.0
    },
    "memory_peak": {
      "allocated_mb": 1519.1728515625,
      "reserved_mb": 1672.0,
      "max_allocated_mb": 1520.74755859375,
      "max_reserved_mb": 1672.0
    },
    "theoretical_kv_cache": {
      "total_mb": 33.75,
      "per_token_mb": 0.1758,
      "as_pct_of_weights": 2.29,
      "growth_per_100_tokens_mb": 17.58,
      "seq_len_used": 192
    },
    "observed_peak_allocated_mb": 1520.75,
    "observed_peak_reserved_mb": 1672.0,
    "error": null,
    "warnings": []
  },
  "secondary_result": {
    "model_name": "protgpt2",
    "prompt_token_length": 128,
    "max_new_tokens": 64,
    "actual_new_tokens": 5,
    "total_seq_length": 133,
    "batch_size": 1,
    "use_cache": true,
    "method": "generate_api",
    "prefill_time_ms": null,
    "decode_time_ms": null,
    "total_time_ms": 44.84,
    "decode_tokens_per_sec": 0.0,
    "end_to_end_tokens_per_sec": 111.52,
    "per_step_decode_times_ms": [],
    "memory_after_load": {
      "allocated_mb": 1485.47119140625,
      "reserved_mb": 1618.0,
      "max_allocated_mb": 1485.47119140625,
      "max_reserved_mb": 1618.0
    },
    "memory_after_prefill": null,
    "memory_peak": {
      "allocated_mb": 1485.47265625,
      "reserved_mb": 1646.0,
      "max_allocated_mb": 1514.8505859375,
      "max_reserved_mb": 1646.0
    },
    "theoretical_kv_cache": {
      "total_mb": 23.38,
      "per_token_mb": 0.1758,
      "as_pct_of_weights": 1.58,
      "growth_per_100_tokens_mb": 17.58,
      "seq_len_used": 133
    },
    "observed_peak_allocated_mb": 1514.85,
    "observed_peak_reserved_mb": 1646.0,
    "error": null,
    "warnings": []
  },
  "theoretical_kv_upper_bound": {
    "total_mb": 33.75,
    "total_bytes": 35389440,
    "per_token_mb": 0.1758,
    "as_pct_of_weights": 2.29,
    "growth_per_100_tokens_mb": 17.58,
    "seq_len_used": 192,
    "label": "upper_bound_at_configured_max"
  }
}