{
  "metadata": {
    "name": "protgpt2",
    "hf_path": "nferruz/ProtGPT2",
    "hf_path_attempted": [],
    "hf_path_loaded": "nferruz/ProtGPT2",
    "param_count": 774030080,
    "param_count_str": "774.0M",
    "dtype": "float16",
    "weight_memory_mb": 1476.35,
    "hidden_size": 1280,
    "num_layers": 36,
    "num_attention_heads": 20,
    "num_kv_heads": 20,
    "head_dim": 64,
    "max_position_embeddings": 1024,
    "vocab_size": 50257,
    "architecture": "GPT2LMHeadModel",
    "warnings": [
      "Config field 'num_key_value_heads' not found (tried fallbacks: ('num_kv_heads',))",
      "num_key_value_heads not found; falling back to num_attention_heads=20",
      "Applied patch: Added get_head_mask() to ProGenPreTrainedModel (removed in transformers 5.x)",
      "Applied patch: Added get_head_mask() to inner transformer model (GPT2Model)"
    ]
  },
  "primary_result": {
    "model_name": "protgpt2",
    "prompt_token_length": 64,
    "max_new_tokens": 512,
    "actual_new_tokens": 512,
    "total_seq_length": 576,
    "batch_size": 1,
    "use_cache": true,
    "method": "manual_prefill_decode",
    "prefill_time_ms": 10.800159012433141,
    "decode_time_ms": 4094.5322875631973,
    "total_time_ms": 4105.33,
    "decode_tokens_per_sec": 124.8,
    "end_to_end_tokens_per_sec": 124.72,
    "per_step_decode_times_ms": [
      7.962,
      8.06,
      7.792,
      8.04,
      7.834,
      7.977,
      7.791,
      7.969,
      7.796,
      8.02,
      7.794,
      7.976,
      7.816,
      7.843,
      8.151,
      7.798,
      8.093,
      7.793,
      8.223,
      7.739,
      7.967,
      7.795,
      7.935,
      7.714,
      8.125,
      7.798,
      7.962,
      7.676,
      8.072,
      7.776,
      7.965,
      7.652,
      7.833,
      8.03,
      7.801,
      7.979,
      7.714,
      8.194,
      8.171,
      8.087,
      7.734,
      8.038,
      7.752,
      8.046,
      7.783,
      7.99,
      7.862,
      7.972,
      7.728,
      8.124,
      7.971,
      8.252,
      8.03,
      8.383,
      8.003,
      8.442,
      8.803,
      8.948,
      8.421,
      8.643,
      8.073,
      8.346,
      7.991,
      8.212,
      7.721,
      8.05,
      7.819,
      8.132,
      7.904,
      7.877,
      8.036,
      7.965,
      8.276,
      7.902,
      7.983,
      7.812,
      8.087,
      7.827,
      8.162,
      7.822,
      8.179,
      8.314,
      8.669,
      7.909,
      8.22,
      7.795,
      8.211,
      7.853,
      8.151,
      7.646,
      8.226,
      7.797,
      8.266,
      7.815,
      8.344,
      7.823,
      8.561,
      7.816,
      8.453,
      8.176,
      8.46,
      7.842,
      8.188,
      7.877,
      9.133,
      7.813,
      8.107,
      8.378,
      8.31,
      7.802,
      7.875,
      8.181,
      7.989,
      8.296,
      7.808,
      8.119,
      7.788,
      8.414,
      7.806,
      8.097,
      8.045,
      7.839,
      7.824,
      7.846,
      7.766,
      7.909,
      7.758,
      7.813,
      7.776,
      7.852,
      7.758,
      7.821,
      7.792,
      7.883,
      7.949,
      7.826,
      7.883,
      7.773,
      8.087,
      7.768,
      8.314,
      7.827,
      7.884,
      7.682,
      7.889,
      7.724,
      7.85,
      7.662,
      8.041,
      7.785,
      7.87,
      7.811,
      7.724,
      8.9,
      8.289,
      8.234,
      7.757,
      7.897,
      7.717,
      7.893,
      7.711,
      7.952,
      7.663,
      7.907,
      7.702,
      7.991,
      7.805,
      7.978,
      7.701,
      8.149,
      7.813,
      8.026,
      7.774,
      7.975,
      8.198,
      8.156,
      8.539,
      8.386,
      8.465,
      8.171,
      9.301,
      8.115,
      7.904,
      8.023,
      7.778,
      7.817,
      7.829,
      7.801,
      7.931,
      7.722,
      7.983,
      7.77,
      8.214,
      7.886,
      8.074,
      7.84,
      8.11,
      8.051,
      8.062,
      8.077,
      8.202,
      8.144,
      8.181,
      7.922,
      8.845,
      7.855,
      8.436,
      7.863,
      8.404,
      8.838,
      8.449,
      7.858,
      7.975,
      7.836,
      8.046,
      7.829,
      8.113,
      7.993,
      8.118,
      8.006,
      7.975,
      8.016,
      7.929,
      8.024,
      7.899,
      8.156,
      7.954,
      8.15,
      7.782,
      8.144,
      7.945,
      8.132,
      7.85,
      8.09,
      7.899,
      7.983,
      7.817,
      7.988,
      7.832,
      8.078,
      7.871,
      8.036,
      7.868,
      8.056,
      7.867,
      7.96,
      8.096,
      7.961,
      8.061,
      8.037,
      8.142,
      7.923,
      8.07,
      7.898,
      8.133,
      7.916,
      8.063,
      7.906,
      8.14,
      7.962,
      8.101,
      7.917,
      8.108,
      7.936,
      8.07,
      8.171,
      8.081,
      7.939,
      8.092,
      7.899,
      8.089,
      7.938,
      8.225,
      8.111,
      8.167,
      7.99,
      7.994,
      7.905,
      8.006,
      8.047,
      7.99,
      8.067,
      8.172,
      8.89,
      8.189,
      8.085,
      7.882,
      7.999,
      8.18,
      8.023,
      7.913,
      8.144,
      7.911,
      8.083,
      7.861,
      8.074,
      8.048,
      8.379,
      8.186,
      8.335,
      8.256,
      8.302,
      8.06,
      8.21,
      8.224,
      8.326,
      8.002,
      8.153,
      8.004,
      8.242,
      7.908,
      8.343,
      7.952,
      8.385,
      7.987,
      8.169,
      7.941,
      8.11,
      7.941,
      8.035,
      7.964,
      8.065,
      8.066,
      8.152,
      8.17,
      7.991,
      8.141,
      7.931,
      8.0,
      7.999,
      8.188,
      7.857,
      8.078,
      7.975,
      8.15,
      7.82,
      8.069,
      7.976,
      8.332,
      7.813,
      7.971,
      8.051,
      8.143,
      7.87,
      8.186,
      7.918,
      7.99,
      7.809,
      7.997,
      7.811,
      7.956,
      7.909,
      7.851,
      7.985,
      7.838,
      8.158,
      7.867,
      7.937,
      7.824,
      7.943,
      7.803,
      7.975,
      7.869,
      7.972,
      7.774,
      7.976,
      7.808,
      7.931,
      7.777,
      7.935,
      7.872,
      7.879,
      7.862,
      7.843,
      8.005,
      7.875,
      7.955,
      7.843,
      8.2,
      7.873,
      8.157,
      7.887,
      8.136,
      7.809,
      8.145,
      7.885,
      8.167,
      7.864,
      8.063,
      7.911,
      8.089,
      7.789,
      8.024,
      7.875,
      8.043,
      7.832,
      7.86,
      7.995,
      7.835,
      7.898,
      7.853,
      8.046,
      7.904,
      7.984,
      7.845,
      8.083,
      7.789,
      7.996,
      7.839,
      8.031,
      7.751,
      8.018,
      8.125,
      8.083,
      8.06,
      8.025,
      8.009,
      8.083,
      7.882,
      7.883,
      7.903,
      7.866,
      8.217,
      7.975,
      8.37,
      8.09,
      8.424,
      7.978,
      8.33,
      8.073,
      8.801,
      8.333,
      8.333,
      7.888,
      8.284,
      7.872,
      8.082,
      7.872,
      8.114,
      7.83,
      8.009,
      7.791,
      8.067,
      7.8,
      8.129,
      7.785,
      8.069,
      7.805,
      8.135,
      8.058,
      8.149,
      7.852,
      8.094,
      7.971,
      8.092,
      8.054,
      7.959,
      8.038,
      7.89,
      8.122,
      7.87,
      8.497,
      7.797,
      7.96,
      7.818,
      7.985,
      7.812,
      7.949,
      7.805,
      7.975,
      7.818,
      7.978,
      7.784,
      7.964,
      7.863,
      7.949,
      7.833,
      7.983,
      7.865,
      7.903,
      7.899,
      7.895,
      7.978,
      7.847,
      8.03,
      7.927,
      8.019,
      7.862,
      8.064,
      7.931,
      8.032,
      7.865,
      8.029,
      7.863,
      8.004,
      7.859,
      7.959,
      7.805,
      8.112,
      7.857,
      7.94,
      7.958,
      8.123,
      8.504,
      8.519,
      8.873,
      8.058,
      7.934,
      8.038,
      7.951,
      8.075
    ],