{
  "metadata": {
    "name": "protgpt2",
    "hf_path": "nferruz/ProtGPT2",
    "hf_path_attempted": [],
    "hf_path_loaded": "nferruz/ProtGPT2",
    "param_count": 774030080,
    "param_count_str": "774.0M",
    "dtype": "float16",
    "weight_memory_mb": 1476.35,
    "hidden_size": 1280,
    "num_layers": 36,
    "num_attention_heads": 20,
    "num_kv_heads": 20,
    "head_dim": 64,
    "max_position_embeddings": 1024,
    "vocab_size": 50257,
    "architecture": "GPT2LMHeadModel",
    "warnings": [
      "Config field 'num_key_value_heads' not found (tried fallbacks: ('num_kv_heads',))",
      "num_key_value_heads not found; falling back to num_attention_heads=20",
      "Applied patch: Added get_head_mask() to ProGenPreTrainedModel (removed in transformers 5.x)",
      "Applied patch: Added get_head_mask() to inner transformer model (GPT2Model)"
    ]
  },
  "primary_result": {
    "model_name": "protgpt2",
    "prompt_token_length": 16,
    "max_new_tokens": 256,
    "actual_new_tokens": 256,
    "total_seq_length": 272,
    "batch_size": 1,
    "use_cache": true,
    "method": "manual_prefill_decode",
    "prefill_time_ms": 10.02303502173163,
    "decode_time_ms": 2052.8086563572288,
    "total_time_ms": 2062.83,
    "decode_tokens_per_sec": 124.22,
    "end_to_end_tokens_per_sec": 124.1,
    "per_step_decode_times_ms": [
      9.067,
      7.869,
      7.968,
      9.015,
      8.328,
      7.799,
      8.19,
      7.737,
      8.261,
      7.764,
      8.269,
      8.01,
      8.332,
      8.838,
      8.554,
      7.904,
      7.917,
      7.855,
      8.9,
      7.735,
      8.191,
      8.051,
      7.808,
      7.81,
      7.754,
      8.204,
      8.566,
      8.023,
      8.463,
      7.996,
      8.69,
      8.675,
      8.311,
      8.09,
      7.702,
      8.128,
      7.74,
      8.243,
      7.904,
      8.591,
      7.795,
      8.265,
      7.822,
      8.231,
      7.79,
      8.538,
      7.751,
      8.227,
      7.946,
      8.178,
      7.745,
      8.435,
      7.782,
      8.212,
      7.72,
      8.296,
      7.738,
      8.258,
      7.919,
      8.118,
      7.706,
      7.764,
      8.898,
      8.047,
      8.273,
      8.028,
      8.519,
      8.136,
      8.146,
      8.107,
      8.251,
      7.884,
      8.512,
      7.958,
      8.152,
      7.921,
      8.082,
      7.881,
      8.148,
      7.706,
      8.057,
      7.773,
      8.137,
      7.761,
      8.097,
      7.77,
      8.251,
      7.745,
      8.229,
      7.923,
      8.319,
      7.797,
      8.162,
      7.732,
      8.004,
      7.75,
      7.808,
      8.05,
      7.819,
      7.966,
      7.787,
      8.2,
      7.726,
      7.829,
      7.768,
      7.864,
      7.804,
      7.874,
      7.737,
      7.791,
      7.707,
      7.829,
      7.675,
      7.753,
      8.157,
      7.918,
      7.986,
      7.752,
      7.971,
      8.051,
      8.175,
      7.936,
      8.138,
      7.874,
      8.044,
      7.772,
      8.081,
      7.875,
      8.092,
      7.81,
      8.124,
      7.946,
      8.084,
      7.891,
      7.93,
      7.926,
      7.903,
      7.748,
      7.752,
      7.877,
      7.822,
      8.018,
      7.843,
      7.914,
      7.714,
      7.973,
      7.857,
      8.449,
      7.913,
      8.049,
      7.869,
      7.89,
      7.727,
      7.927,
      7.755,
      7.892,
      7.769,
      7.895,
      7.815,
      7.866,
      7.834,
      7.804,
      7.932,
      7.802,
      7.913,
      7.726,
      7.981,
      7.788,
      7.894,
      7.769,
      7.952,
      7.78,
      7.907,
      7.765,
      7.93,
      7.768,
      7.775,
      7.93,
      7.786,
      7.891,
      7.775,
      7.872,
      7.839,
      7.892,
      7.751,
      7.93,
      7.794,
      7.957,
      8.534,
      8.592,
      8.005,
      8.421,
      8.106,
      8.233,
      7.863,
      8.046,
      7.893,
      7.958,
      8.512,
      7.925,
      7.785,
      7.902,
      10.472,
      8.01,
      7.967,
      8.482,
      8.101,
      8.516,
      8.104,
      8.413,
      7.911,
      8.347,
      8.018,
      8.092,
      7.825,
      7.998,
      7.839,
      7.872,
      8.299,
      8.246,
      8.18,
      7.937,
      8.17,
      7.868,
      8.081,
      8.112,
      8.075,
      7.97,
      7.954,
      9.037,
      8.509,
      8.582,
      7.967,
      8.602,
      8.059,
      7.755,
      8.132,
      7.745,
      8.094,
      7.785,
      8.346,
      7.895,
      8.315,
      8.036,
      8.528,
      7.984,
      9.119,
      7.936,
      8.161,
      7.904,
      8.76,
      8.11,
      8.321,
      8.152,
      9.202
    ],
    "memory_after_load": {
      "allocated_mb": 1485.470703125,
      "reserved_mb": 1618.0,
      "max_allocated_mb": 1485.470703125,
      "max_reserved_mb": 1618.0
    },
    "memory_after_prefill": {
      "allocated_mb": 1490.15869140625,
      "reserved_mb": 1620.0,
      "max_allocated_mb": 1490.197265625,
      "max_reserved_mb": 1620.0
    },
    "memory_peak": {
      "allocated_mb": 1533.32861328125,
      "reserved_mb": 1672.0,
      "max_allocated_mb": 1534.0048828125,
      "max_reserved_mb": 1672.0
    },
    "theoretical_kv_cache": {
      "total_mb": 47.81,
      "per_token_mb": 0.1758,
      "as_pct_of_weights": 3.24,
      "growth_per_100_tokens_mb": 17.58,
      "seq_len_used": 272
    },
    "observed_peak_allocated_mb": 1534.0,
    "observed_peak_reserved_mb": 1672.0,
    "error": null,
    "warnings": []
  },
  "secondary_result": {
    "model_name": "protgpt2",
    "prompt_token_length": 16,
    "max_new_tokens": 256,
    "actual_new_tokens": 11,
    "total_seq_length": 27,
    "batch_size": 1,
    "use_cache": true,
    "method": "generate_api",
    "prefill_time_ms": null,
    "decode_time_ms": null,
    "total_time_ms": 92.97,
    "decode_tokens_per_sec": 0.0,
    "end_to_end_tokens_per_sec": 118.32,
    "per_step_decode_times_ms": [],
    "memory_after_load": {
      "allocated_mb": 1485.470703125,
      "reserved_mb": 1618.0,
      "max_allocated_mb": 1485.470703125,
      "max_reserved_mb": 1618.0
    },
    "memory_after_prefill": null,
    "memory_peak": {
      "allocated_mb": 1485.47119140625,
      "reserved_mb": 1622.0,
      "max_allocated_mb": 1490.52734375,
      "max_reserved_mb": 1622.0
    },
    "theoretical_kv_cache": {
      "total_mb": 4.75,
      "per_token_mb": 0.1758,
      "as_pct_of_weights": 0.32,
      "growth_per_100_tokens_mb": 17.58,
      "seq_len_used": 27
    },
    "observed_peak_allocated_mb": 1490.53,
    "observed_peak_reserved_mb": 1622.0,
    "error": null,
    "warnings": []
  },
  "theoretical_kv_upper_bound": {
    "total_mb": 47.81,
    "total_bytes": 50135040,
    "per_token_mb": 0.1758,
    "as_pct_of_weights": 3.24,
    "growth_per_100_tokens_mb": 17.58,
    "seq_len_used": 272,
    "label": "upper_bound_at_configured_max"
  }
}