{
  "metadata": {
    "name": "protgpt2",
    "hf_path": "nferruz/ProtGPT2",
    "hf_path_attempted": [],
    "hf_path_loaded": "nferruz/ProtGPT2",
    "param_count": 774030080,
    "param_count_str": "774.0M",
    "dtype": "float16",
    "weight_memory_mb": 1476.35,
    "hidden_size": 1280,
    "num_layers": 36,
    "num_attention_heads": 20,
    "num_kv_heads": 20,
    "head_dim": 64,
    "max_position_embeddings": 1024,
    "vocab_size": 50257,
    "architecture": "GPT2LMHeadModel",
    "warnings": [
      "Config field 'num_key_value_heads' not found (tried fallbacks: ('num_kv_heads',))",
      "num_key_value_heads not found; falling back to num_attention_heads=20",
      "Applied patch: Added get_head_mask() to ProGenPreTrainedModel (removed in transformers 5.x)",
      "Applied patch: Added get_head_mask() to inner transformer model (GPT2Model)"
    ]
  },
  "primary_result": {
    "model_name": "protgpt2",
    "prompt_token_length": 256,
    "max_new_tokens": 64,
    "actual_new_tokens": 64,
    "total_seq_length": 320,
    "batch_size": 1,
    "use_cache": true,
    "method": "manual_prefill_decode",
    "prefill_time_ms": 13.135018991306424,
    "decode_time_ms": 511.6960280574858,
    "total_time_ms": 524.83,
    "decode_tokens_per_sec": 123.12,
    "end_to_end_tokens_per_sec": 121.94,
    "per_step_decode_times_ms": [
      8.289,
      8.064,
      8.221,
      7.999,
      8.111,
      7.979,
      8.228,
      7.919,
      8.089,
      7.95,
      8.09,
      7.973,
      8.238,
      8.014,
      8.159,
      7.987,
      8.121,
      9.013,
      8.089,
      8.036,
      8.096,
      8.142,
      8.156,
      8.185,
      8.903,
      8.253,
      8.347,
      8.059,
      8.185,
      8.254,
      8.157,
      8.224,
      8.227,
      8.151,
      7.948,
      7.991,
      7.974,
      8.522,
      8.098,
      7.968,
      7.891,
      7.979,
      7.836,
      8.075,
      7.979,
      8.04,
      8.132,
      8.008,
      8.033,
      8.044,
      8.041,
      8.006,
      7.942,
      8.076,
      7.895,
      8.245,
      8.06,
      8.474,
      7.985,
      8.314,
      7.923,
      8.372,
      7.935
    ],
    "memory_after_load": {
      "allocated_mb": 1485.47216796875,
      "reserved_mb": 1618.0,
      "max_allocated_mb": 1485.47216796875,
      "max_reserved_mb": 1618.0
    },
    "memory_after_prefill": {
      "allocated_mb": 1555.01220703125,
      "reserved_mb": 1716.0,
      "max_allocated_mb": 1555.63671875,
      "max_reserved_mb": 1716.0
    },
    "memory_peak": {
      "allocated_mb": 1541.673828125,
      "reserved_mb": 1738.0,
      "max_allocated_mb": 1555.83056640625,
      "max_reserved_mb": 1738.0
    },
    "theoretical_kv_cache": {
      "total_mb": 56.25,
      "per_token_mb": 0.1758,
      "as_pct_of_weights": 3.81,
      "growth_per_100_tokens_mb": 17.58,
      "seq_len_used": 320
    },
    "observed_peak_allocated_mb": 1555.83,
    "observed_peak_reserved_mb": 1738.0,
    "error": null,
    "warnings": []
  },
  "secondary_result": {
    "model_name": "protgpt2",
    "prompt_token_length": 256,
    "max_new_tokens": 64,
    "actual_new_tokens": 25,
    "total_seq_length": 281,
    "batch_size": 1,
    "use_cache": true,
    "method": "generate_api",
    "prefill_time_ms": null,
    "decode_time_ms": null,
    "total_time_ms": 211.5,
    "decode_tokens_per_sec": 0.0,
    "end_to_end_tokens_per_sec": 118.21,
    "per_step_decode_times_ms": [],
    "memory_after_load": {
      "allocated_mb": 1485.47216796875,
      "reserved_mb": 1618.0,
      "max_allocated_mb": 1485.47216796875,
      "max_reserved_mb": 1618.0
    },
    "memory_after_prefill": null,
    "memory_peak": {
      "allocated_mb": 1485.474609375,
      "reserved_mb": 1712.0,
      "max_allocated_mb": 1544.2294921875,
      "max_reserved_mb": 1712.0
    },
    "theoretical_kv_cache": {
      "total_mb": 49.39,
      "per_token_mb": 0.1758,
      "as_pct_of_weights": 3.35,
      "growth_per_100_tokens_mb": 17.58,
      "seq_len_used": 281
    },
    "observed_peak_allocated_mb": 1544.23,
    "observed_peak_reserved_mb": 1712.0,
    "error": null,
    "warnings": []
  },
  "theoretical_kv_upper_bound": {
    "total_mb": 56.25,
    "total_bytes": 58982400,
    "per_token_mb": 0.1758,
    "as_pct_of_weights": 3.81,
    "growth_per_100_tokens_mb": 17.58,
    "seq_len_used": 320,
    "label": "upper_bound_at_configured_max"
  }
}