{
  "metadata": {
    "name": "protgpt2",
    "hf_path": "nferruz/ProtGPT2",
    "hf_path_attempted": [],
    "hf_path_loaded": "nferruz/ProtGPT2",
    "param_count": 774030080,
    "param_count_str": "774.0M",
    "dtype": "float16",
    "weight_memory_mb": 1476.35,
    "hidden_size": 1280,
    "num_layers": 36,
    "num_attention_heads": 20,
    "num_kv_heads": 20,
    "head_dim": 64,
    "max_position_embeddings": 1024,
    "vocab_size": 50257,
    "architecture": "GPT2LMHeadModel",
    "warnings": [
      "Config field 'num_key_value_heads' not found (tried fallbacks: ('num_kv_heads',))",
      "num_key_value_heads not found; falling back to num_attention_heads=20",
      "Applied patch: Added get_head_mask() to ProGenPreTrainedModel (removed in transformers 5.x)",
      "Applied patch: Added get_head_mask() to inner transformer model (GPT2Model)"
    ]
  },
  "primary_result": {
    "model_name": "protgpt2",
    "prompt_token_length": 32,
    "max_new_tokens": 128,
    "actual_new_tokens": 128,
    "total_seq_length": 160,
    "batch_size": 1,
    "use_cache": true,
    "method": "manual_prefill_decode",
    "prefill_time_ms": 10.295005980879068,
    "decode_time_ms": 1004.8074838996399,
    "total_time_ms": 1015.1,
    "decode_tokens_per_sec": 126.39,
    "end_to_end_tokens_per_sec": 126.1,
    "per_step_decode_times_ms": [
      8.526,
      7.829,
      8.341,
      7.8,
      8.668,
      8.02,
      8.321,
      7.856,
      7.885,
      7.665,
      7.704,
      7.729,
      7.695,
      7.788,
      7.9,
      7.821,
      7.689,
      7.826,
      7.68,
      7.852,
      7.739,
      7.854,
      7.684,
      7.871,
      7.907,
      7.889,
      7.722,
      7.762,
      7.839,
      7.716,
      7.895,
      7.735,
      8.196,
      7.831,
      7.894,
      7.773,
      7.94,
      7.741,
      8.014,
      7.76,
      7.875,
      7.822,
      8.109,
      7.789,
      7.984,
      7.783,
      7.874,
      7.877,
      7.766,
      7.919,
      8.207,
      8.443,
      7.925,
      8.142,
      7.861,
      8.046,
      7.746,
      8.217,
      7.738,
      8.249,
      7.748,
      7.901,
      7.69,
      7.92,
      7.707,
      7.89,
      7.683,
      7.739,
      7.817,
      7.87,
      8.167,
      7.893,
      8.17,
      7.765,
      7.991,
      7.714,
      8.212,
      7.801,
      8.053,
      7.839,
      8.363,
      7.697,
      8.246,
      7.794,
      8.115,
      7.925,
      8.031,
      7.717,
      7.976,
      7.688,
      7.75,
      7.811,
      7.775,
      7.991,
      7.767,
      8.18,
      8.006,
      7.949,
      7.804,
      7.844,
      7.761,
      8.086,
      7.873,
      8.549,
      8.378,
      8.313,
      7.92,
      8.038,
      7.838,
      8.099,
      7.938,
      7.956,
      7.983,
      7.865,
      7.854,
      7.851,
      7.785,
      7.764,
      7.881,
      7.703,
      7.828,
      7.727,
      7.879,
      7.744,
      7.871,
      7.752,
      7.84
    ],
    "memory_after_load": {
      "allocated_mb": 1485.470703125,
      "reserved_mb": 1618.0,
      "max_allocated_mb": 1485.470703125,
      "max_reserved_mb": 1618.0
    },
    "memory_after_prefill": {
      "allocated_mb": 1494.1640625,
      "reserved_mb": 1644.0,
      "max_allocated_mb": 1494.24169921875,
      "max_reserved_mb": 1644.0
    },
    "memory_peak": {
      "allocated_mb": 1513.57861328125,
      "reserved_mb": 1668.0,
      "max_allocated_mb": 1513.9814453125,
      "max_reserved_mb": 1668.0
    },
    "theoretical_kv_cache": {
      "total_mb": 28.12,
      "per_token_mb": 0.1758,
      "as_pct_of_weights": 1.91,
      "growth_per_100_tokens_mb": 17.58,
      "seq_len_used": 160
    },
    "observed_peak_allocated_mb": 1513.98,
    "observed_peak_reserved_mb": 1668.0,
    "error": null,
    "warnings": []
  },
  "secondary_result": {
    "model_name": "protgpt2",
    "prompt_token_length": 32,
    "max_new_tokens": 128,
    "actual_new_tokens": 4,
    "total_seq_length": 36,
    "batch_size": 1,
    "use_cache": true,
    "method": "generate_api",
    "prefill_time_ms": null,
    "decode_time_ms": null,
    "total_time_ms": 36.02,
    "decode_tokens_per_sec": 0.0,
    "end_to_end_tokens_per_sec": 111.06,
    "per_step_decode_times_ms": [],
    "memory_after_load": {
      "allocated_mb": 1485.470703125,
      "reserved_mb": 1618.0,
      "max_allocated_mb": 1485.470703125,
      "max_reserved_mb": 1618.0
    },
    "memory_after_prefill": null,
    "memory_peak": {
      "allocated_mb": 1485.47119140625,
      "reserved_mb": 1624.0,
      "max_allocated_mb": 1492.8173828125,
      "max_reserved_mb": 1624.0
    },
    "theoretical_kv_cache": {
      "total_mb": 6.33,
      "per_token_mb": 0.1758,
      "as_pct_of_weights": 0.43,
      "growth_per_100_tokens_mb": 17.58,
      "seq_len_used": 36
    },
    "observed_peak_allocated_mb": 1492.82,
    "observed_peak_reserved_mb": 1624.0,
    "error": null,
    "warnings": []
  },
  "theoretical_kv_upper_bound": {
    "total_mb": 28.12,
    "total_bytes": 29491200,
    "per_token_mb": 0.1758,
    "as_pct_of_weights": 1.91,
    "growth_per_100_tokens_mb": 17.58,
    "seq_len_used": 160,
    "label": "upper_bound_at_configured_max"
  }
}