{
  "metadata": {
    "name": "protgpt2",
    "hf_path": "nferruz/ProtGPT2",
    "hf_path_attempted": [],
    "hf_path_loaded": "nferruz/ProtGPT2",
    "param_count": 774030080,
    "param_count_str": "774.0M",
    "dtype": "float16",
    "weight_memory_mb": 1476.35,
    "hidden_size": 1280,
    "num_layers": 36,
    "num_attention_heads": 20,
    "num_kv_heads": 20,
    "head_dim": 64,
    "max_position_embeddings": 1024,
    "vocab_size": 50257,
    "architecture": "GPT2LMHeadModel",
    "warnings": [
      "Config field 'num_key_value_heads' not found (tried fallbacks: ('num_kv_heads',))",
      "num_key_value_heads not found; falling back to num_attention_heads=20",
      "Applied patch: Added get_head_mask() to ProGenPreTrainedModel (removed in transformers 5.x)",
      "Applied patch: Added get_head_mask() to inner transformer model (GPT2Model)"
    ]
  },
  "primary_result": {
    "model_name": "protgpt2",
    "prompt_token_length": 256,
    "max_new_tokens": 128,
    "actual_new_tokens": 128,
    "total_seq_length": 384,
    "batch_size": 1,
    "use_cache": true,
    "method": "manual_prefill_decode",
    "prefill_time_ms": 13.288949994603172,
    "decode_time_ms": 1032.2504728392232,
    "total_time_ms": 1045.54,
    "decode_tokens_per_sec": 123.03,
    "end_to_end_tokens_per_sec": 122.42,
    "per_step_decode_times_ms": [
      8.27,
      8.311,
      7.979,
      8.198,
      7.916,
      8.276,
      8.006,
      8.093,
      7.987,
      8.197,
      8.046,
      8.052,
      7.977,
      8.046,
      8.102,
      8.207,
      8.045,
      9.234,
      8.0,
      8.177,
      7.997,
      7.963,
      8.082,
      7.906,
      8.065,
      7.923,
      8.006,
      7.926,
      8.071,
      7.918,
      8.052,
      7.895,
      8.108,
      7.939,
      8.372,
      8.056,
      8.142,
      7.985,
      8.358,
      8.0,
      8.121,
      8.108,
      8.098,
      8.127,
      8.078,
      7.969,
      8.132,
      7.947,
      8.173,
      7.975,
      8.011,
      7.973,
      8.04,
      8.011,
      7.937,
      8.05,
      7.917,
      8.069,
      7.946,
      8.089,
      7.981,
      8.149,
      8.006,
      8.077,
      7.983,
      8.099,
      7.972,
      8.099,
      7.984,
      8.1,
      7.988,
      8.462,
      7.969,
      8.421,
      7.885,
      8.38,
      7.947,
      8.253,
      8.006,
      8.219,
      7.96,
      8.233,
      7.91,
      8.188,
      8.269,
      8.322,
      7.962,
      8.022,
      7.99,
      8.157,
      8.013,
      7.915,
      8.002,
      7.874,
      8.076,
      7.936,
      8.19,
      7.933,
      8.17,
      7.891,
      8.185,
      7.938,
      8.203,
      7.858,
      8.154,
      8.059,
      8.139,
      7.908,
      8.234,
      7.993,
      8.674,
      8.383,
      8.346,
      8.095,
      8.395,
      8.106,
      8.462,
      8.095,
      8.417,
      9.265,
      8.697,
      8.3,
      8.666,
      8.328,
      8.552,
      8.498,
      8.652
    ],
    "memory_after_load": {
      "allocated_mb": 1485.47216796875,
      "reserved_mb": 1618.0,
      "max_allocated_mb": 1485.47216796875,
      "max_reserved_mb": 1618.0
    },
    "memory_after_prefill": {
      "allocated_mb": 1555.01220703125,
      "reserved_mb": 1716.0,
      "max_allocated_mb": 1555.63671875,
      "max_reserved_mb": 1716.0
    },
    "memory_peak": {
      "allocated_mb": 1552.955078125,
      "reserved_mb": 1740.0,
      "max_allocated_mb": 1555.83056640625,
      "max_reserved_mb": 1740.0
    },
    "theoretical_kv_cache": {
      "total_mb": 67.5,
      "per_token_mb": 0.1758,
      "as_pct_of_weights": 4.57,
      "growth_per_100_tokens_mb": 17.58,
      "seq_len_used": 384
    },
    "observed_peak_allocated_mb": 1555.83,
    "observed_peak_reserved_mb": 1740.0,
    "error": null,
    "warnings": []
  },
  "secondary_result": {
    "model_name": "protgpt2",
    "prompt_token_length": 256,
    "max_new_tokens": 128,
    "actual_new_tokens": 25,
    "total_seq_length": 281,
    "batch_size": 1,
    "use_cache": true,
    "method": "generate_api",
    "prefill_time_ms": null,
    "decode_time_ms": null,
    "total_time_ms": 218.41,
    "decode_tokens_per_sec": 0.0,
    "end_to_end_tokens_per_sec": 114.46,
    "per_step_decode_times_ms": [],
    "memory_after_load": {
      "allocated_mb": 1485.47216796875,
      "reserved_mb": 1618.0,
      "max_allocated_mb": 1485.47216796875,
      "max_reserved_mb": 1618.0
    },
    "memory_after_prefill": null,
    "memory_peak": {
      "allocated_mb": 1485.474609375,
      "reserved_mb": 1712.0,
      "max_allocated_mb": 1544.2294921875,
      "max_reserved_mb": 1712.0
    },
    "theoretical_kv_cache": {
      "total_mb": 49.39,
      "per_token_mb": 0.1758,
      "as_pct_of_weights": 3.35,
      "growth_per_100_tokens_mb": 17.58,
      "seq_len_used": 281
    },
    "observed_peak_allocated_mb": 1544.23,
    "observed_peak_reserved_mb": 1712.0,
    "error": null,
    "warnings": []
  },
  "theoretical_kv_upper_bound": {
    "total_mb": 67.5,
    "total_bytes": 70778880,
    "per_token_mb": 0.1758,
    "as_pct_of_weights": 4.57,
    "growth_per_100_tokens_mb": 17.58,
    "seq_len_used": 384,
    "label": "upper_bound_at_configured_max"
  }
}