{
  "metadata": {
    "name": "protgpt2",
    "hf_path": "nferruz/ProtGPT2",
    "hf_path_attempted": [],
    "hf_path_loaded": "nferruz/ProtGPT2",
    "param_count": 774030080,
    "param_count_str": "774.0M",
    "dtype": "float16",
    "weight_memory_mb": 1476.35,
    "hidden_size": 1280,
    "num_layers": 36,
    "num_attention_heads": 20,
    "num_kv_heads": 20,
    "head_dim": 64,
    "max_position_embeddings": 1024,
    "vocab_size": 50257,
    "architecture": "GPT2LMHeadModel",
    "warnings": [
      "Config field 'num_key_value_heads' not found (tried fallbacks: ('num_kv_heads',))",
      "num_key_value_heads not found; falling back to num_attention_heads=20",
      "Applied patch: Added get_head_mask() to ProGenPreTrainedModel (removed in transformers 5.x)",
      "Applied patch: Added get_head_mask() to inner transformer model (GPT2Model)"
    ]
  },
  "primary_result": {
    "model_name": "protgpt2",
    "prompt_token_length": 32,
    "max_new_tokens": 256,
    "actual_new_tokens": 256,
    "total_seq_length": 288,
    "batch_size": 1,
    "use_cache": true,
    "method": "manual_prefill_decode",
    "prefill_time_ms": 10.717988014221191,
    "decode_time_ms": 2041.2038830982056,
    "total_time_ms": 2051.92,
    "decode_tokens_per_sec": 124.93,
    "end_to_end_tokens_per_sec": 124.76,
    "per_step_decode_times_ms": [
      8.178,
      8.356,
      8.087,
      8.074,
      8.223,
      8.017,
      7.909,
      8.059,
      7.923,
      7.976,
      7.693,
      8.049,
      7.899,
      8.041,
      7.964,
      7.938,
      7.839,
      8.017,
      7.914,
      7.869,
      8.173,
      7.816,
      8.081,
      7.875,
      8.376,
      7.861,
      8.148,
      7.814,
      8.249,
      7.859,
      8.204,
      7.786,
      8.451,
      7.846,
      8.229,
      7.749,
      8.221,
      7.892,
      8.342,
      7.777,
      8.129,
      7.894,
      8.486,
      8.035,
      8.277,
      7.87,
      8.153,
      7.759,
      8.173,
      7.838,
      8.001,
      8.027,
      7.829,
      8.217,
      7.839,
      8.077,
      7.776,
      8.088,
      7.78,
      8.167,
      7.772,
      7.85,
      7.79,
      8.072,
      7.853,
      7.997,
      7.852,
      8.064,
      7.942,
      8.222,
      8.101,
      8.165,
      7.769,
      7.848,
      7.759,
      7.847,
      7.992,
      7.918,
      8.063,
      7.881,
      8.301,
      7.804,
      8.041,
      7.771,
      8.105,
      8.112,
      8.281,
      7.95,
      8.176,
      7.798,
      8.01,
      7.836,
      8.112,
      7.898,
      8.108,
      8.072,
      8.027,
      7.804,
      8.183,
      7.826,
      7.895,
      7.861,
      7.782,
      7.962,
      7.894,
      8.065,
      7.761,
      8.187,
      7.788,
      8.043,
      7.761,
      8.09,
      7.77,
      8.004,
      7.746,
      8.052,
      7.802,
      8.164,
      7.987,
      9.283,
      8.349,
      8.609,
      8.004,
      8.214,
      7.901,
      8.284,
      7.863,
      8.258,
      7.846,
      7.976,
      7.858,
      8.275,
      8.102,
      7.853,
      7.864,
      7.818,
      7.88,
      7.855,
      8.006,
      7.798,
      7.967,
      7.851,
      7.933,
      7.822,
      8.154,
      8.188,
      8.159,
      7.958,
      8.0,
      7.959,
      7.961,
      7.803,
      7.88,
      7.764,
      7.892,
      8.006,
      7.795,
      8.043,
      8.078,
      7.886,
      7.931,
      8.083,
      7.975,
      7.898,
      7.821,
      7.935,
      7.813,
      7.925,
      7.755,
      7.925,
      7.813,
      7.953,
      8.385,
      8.18,
      7.936,
      8.107,
      7.804,
      7.945,
      7.771,
      7.855,
      7.844,
      7.828,
      7.881,
      7.897,
      7.992,
      7.794,
      7.969,
      7.837,
      7.989,
      7.926,
      8.0,
      7.848,
      7.96,
      7.813,
      7.924,
      7.813,
      7.919,
      7.851,
      7.959,
      7.836,
      8.013,
      7.8,
      7.912,
      7.955,
      7.744,
      7.96,
      7.75,
      7.949,
      7.874,
      8.072,
      7.901,
      8.375,
      7.95,
      8.264,
      7.924,
      8.09,
      7.826,
      8.164,
      7.832,
      8.132,
      7.807,
      8.084,
      7.86,
      8.077,
      7.976,
      8.151,
      7.919,
      7.969,
      7.977,
      7.922,
      8.102,
      7.926,
      8.093,
      7.954,
      8.273,
      7.987,
      8.179,
      7.991,
      8.244,
      8.001,
      8.332,
      8.949,
      8.33,
      8.051,
      8.376,
      8.067,
      8.706,
      8.0,
      8.539,
      8.009,
      9.214,
      8.263,
      8.021,
      7.884,
      8.021
    ],
    "memory_after_load": {
      "allocated_mb": 1485.470703125,
      "reserved_mb": 1618.0,
      "max_allocated_mb": 1485.470703125,
      "max_reserved_mb": 1618.0
    },
    "memory_after_prefill": {
      "allocated_mb": 1494.1640625,
      "reserved_mb": 1644.0,
      "max_allocated_mb": 1494.24169921875,
      "max_reserved_mb": 1644.0
    },
    "memory_peak": {
      "allocated_mb": 1536.14111328125,
      "reserved_mb": 1712.0,
      "max_allocated_mb": 1536.8564453125,
      "max_reserved_mb": 1712.0
    },
    "theoretical_kv_cache": {
      "total_mb": 50.62,
      "per_token_mb": 0.1758,
      "as_pct_of_weights": 3.43,
      "growth_per_100_tokens_mb": 17.58,
      "seq_len_used": 288
    },
    "observed_peak_allocated_mb": 1536.86,
    "observed_peak_reserved_mb": 1712.0,
    "error": null,
    "warnings": []
  },
  "secondary_result": {
    "model_name": "protgpt2",
    "prompt_token_length": 32,
    "max_new_tokens": 256,
    "actual_new_tokens": 4,
    "total_seq_length": 36,
    "batch_size": 1,
    "use_cache": true,
    "method": "generate_api",
    "prefill_time_ms": null,
    "decode_time_ms": null,
    "total_time_ms": 35.87,
    "decode_tokens_per_sec": 0.0,
    "end_to_end_tokens_per_sec": 111.5,
    "per_step_decode_times_ms": [],
    "memory_after_load": {
      "allocated_mb": 1485.470703125,
      "reserved_mb": 1618.0,
      "max_allocated_mb": 1485.470703125,
      "max_reserved_mb": 1618.0
    },
    "memory_after_prefill": null,
    "memory_peak": {
      "allocated_mb": 1485.47119140625,
      "reserved_mb": 1624.0,
      "max_allocated_mb": 1492.8173828125,
      "max_reserved_mb": 1624.0
    },
    "theoretical_kv_cache": {
      "total_mb": 6.33,
      "per_token_mb": 0.1758,
      "as_pct_of_weights": 0.43,
      "growth_per_100_tokens_mb": 17.58,
      "seq_len_used": 36
    },
    "observed_peak_allocated_mb": 1492.82,
    "observed_peak_reserved_mb": 1624.0,
    "error": null,
    "warnings": []
  },
  "theoretical_kv_upper_bound": {
    "total_mb": 50.62,
    "total_bytes": 53084160,
    "per_token_mb": 0.1758,
    "as_pct_of_weights": 3.43,
    "growth_per_100_tokens_mb": 17.58,
    "seq_len_used": 288,
    "label": "upper_bound_at_configured_max"
  }
}