{
  "metadata": {
    "name": "protgpt2",
    "hf_path": "nferruz/ProtGPT2",
    "hf_path_attempted": [],
    "hf_path_loaded": "nferruz/ProtGPT2",
    "param_count": 774030080,
    "param_count_str": "774.0M",
    "dtype": "float16",
    "weight_memory_mb": 1476.35,
    "hidden_size": 1280,
    "num_layers": 36,
    "num_attention_heads": 20,
    "num_kv_heads": 20,
    "head_dim": 64,
    "max_position_embeddings": 1024,
    "vocab_size": 50257,
    "architecture": "GPT2LMHeadModel",
    "warnings": [
      "Config field 'num_key_value_heads' not found (tried fallbacks: ('num_kv_heads',))",
      "num_key_value_heads not found; falling back to num_attention_heads=20",
      "Applied patch: Added get_head_mask() to ProGenPreTrainedModel (removed in transformers 5.x)",
      "Applied patch: Added get_head_mask() to inner transformer model (GPT2Model)"
    ]
  },
  "primary_result": {
    "model_name": "protgpt2",
    "prompt_token_length": 128,
    "max_new_tokens": 512,
    "actual_new_tokens": 512,
    "total_seq_length": 640,
    "batch_size": 1,
    "use_cache": true,
    "method": "manual_prefill_decode",
    "prefill_time_ms": 11.652541987132281,
    "decode_time_ms": 4156.545664765872,
    "total_time_ms": 4168.2,
    "decode_tokens_per_sec": 122.94,
    "end_to_end_tokens_per_sec": 122.83,
    "per_step_decode_times_ms": [
      8.29,
      8.131,
      7.783,
      7.874,
      7.75,
      7.923,
      7.853,
      7.92,
      7.814,
      7.91,
      7.741,
      7.905,
      7.789,
      7.918,
      7.759,
      7.898,
      7.77,
      7.819,
      7.785,
      7.742,
      7.861,
      7.728,
      7.881,
      7.798,
      7.977,
      8.023,
      7.902,
      7.853,
      7.849,
      7.828,
      7.867,
      7.784,
      7.967,
      7.814,
      8.234,
      8.399,
      8.105,
      7.961,
      8.162,
      8.238,
      8.007,
      8.146,
      8.851,
      8.124,
      8.099,
      7.984,
      7.843,
      7.842,
      7.701,
      7.831,
      7.769,
      8.492,
      8.356,
      7.987,
      7.756,
      7.917,
      7.796,
      7.975,
      7.756,
      8.052,
      7.99,
      8.329,
      7.91,
      8.11,
      7.828,
      8.051,
      8.374,
      7.874,
      8.048,
      8.295,
      8.616,
      7.898,
      8.236,
      8.226,
      7.917,
      8.57,
      8.488,
      8.251,
      7.753,
      8.04,
      7.795,
      7.832,
      8.186,
      7.781,
      8.173,
      7.919,
      7.966,
      7.63,
      7.984,
      7.713,
      7.887,
      7.707,
      8.72,
      7.856,
      8.457,
      7.764,
      8.129,
      7.828,
      8.063,
      7.788,
      7.976,
      8.549,
      7.945,
      7.706,
      7.875,
      7.742,
      10.115,
      11.77,
      10.371,
      10.514,
      9.145,
      9.964,
      8.852,
      8.248,
      8.092,
      8.201,
      8.829,
      8.242,
      7.718,
      7.99,
      7.74,
      7.942,
      7.744,
      7.961,
      7.704,
      7.943,
      7.662,
      7.643,
      8.17,
      7.811,
      8.088,
      7.817,
      8.273,
      7.9,
      8.167,
      7.968,
      8.487,
      7.855,
      8.346,
      7.87,
      8.238,
      7.893,
      8.194,
      8.058,
      8.153,
      9.835,
      8.346,
      7.889,
      8.116,
      7.939,
      8.498,
      7.907,
      8.095,
      7.822,
      8.124,
      8.049,
      9.49,
      8.21,
      8.279,
      8.088,
      8.22,
      7.988,
      8.122,
      8.168,
      8.22,
      7.932,
      8.093,
      7.933,
      8.076,
      7.883,
      8.152,
      8.017,
      8.246,
      8.161,
      7.966,
      7.884,
      7.87,
      7.952,
      7.837,
      8.028,
      7.839,
      8.148,
      7.863,
      8.068,
      8.052,
      8.066,
      8.006,
      8.078,
      7.921,
      8.058,
      7.758,
      8.041,
      7.878,
      7.997,
      7.865,
      9.601,
      8.546,
      8.444,
      8.106,
      8.133,
      7.92,
      8.004,
      7.904,
      8.202,
      7.956,
      8.016,
      7.853,
      7.998,
      7.869,
      7.946,
      7.985,
      7.925,
      7.974,
      7.926,
      8.002,
      7.841,
      7.977,
      7.841,
      8.045,
      7.861,
      8.135,
      7.982,
      8.158,
      7.989,
      8.103,
      7.878,
      8.064,
      7.876,
      8.063,
      7.935,
      8.124,
      7.92,
      8.226,
      8.021,
      8.102,
      8.102,
      8.194,
      8.135,
      8.242,
      8.065,
      8.171,
      8.184,
      8.224,
      8.007,
      8.107,
      8.27,
      8.056,
      8.131,
      8.098,
      8.193,
      8.01,
      8.013,
      8.125,
      8.182,
      8.019,
      8.153,
      7.939,
      8.178,
      7.995,
      8.189,
      8.034,
      8.206,
      8.054,
      8.229,
      8.015,
      8.203,
      8.069,
      8.242,
      7.976,
      8.2,
      8.135,
      8.244,
      8.148,
      8.228,
      8.053,
      8.349,
      8.046,
      8.247,
      8.074,
      8.309,
      8.142,
      8.228,
      8.323,
      8.353,
      8.265,
      8.269,
      8.277,
      8.409,
      8.202,
      8.211,
      7.923,
      8.162,
      8.115,
      8.207,
      8.022,
      7.97,
      8.08,
      8.089,
      7.965,
      8.034,
      8.067,
      7.969,
      8.021,
      7.957,
      8.168,
      7.904,
      8.102,
      7.994,
      8.171,
      8.246,
      8.22,
      7.979,
      8.167,
      8.016,
      8.145,
      7.946,
      8.167,
      7.97,
      8.134,
      7.925,
      8.131,
      8.014,
      8.168,
      7.925,
      8.171,
      8.018,
      8.096,
      7.838,
      8.162,
      8.042,
      8.132,
      8.047,
      7.97,
      8.096,
      8.112,
      8.208,
      7.995,
      8.097,
      8.018,
      8.38,
      7.955,
      8.221,
      7.944,
      8.234,
      7.927,
      8.185,
      8.038,
      8.157,
      7.906,
      8.121,
      8.031,
      8.124,
      7.835,
      8.023,
      7.972,
      8.127,
      7.908,
      8.088,
      7.98,
      8.305,
      8.027,
      8.206,
      8.043,
      8.21,
      8.087,
      8.148,
      8.029,
      8.051,
      8.025,
      7.963,
      8.172,
      8.092,
      8.198,
      7.867,
      8.164,
      8.063,
      8.158,
      7.872,
      8.036,
      8.264,
      8.163,
      7.95,
      8.049,
      8.102,
      8.328,
      8.172,
      8.05,
      8.078,
      8.214,
      7.875,
      8.057,
      7.899,
      8.041,
      7.866,
      8.102,
      8.033,
      8.157,
      7.929,
      8.073,
      7.848,
      8.05,
      7.933,
      8.037,
      8.063,
      8.035,
      8.189,
      8.103,
      8.527,
      8.232,
      8.656,
      8.355,
      8.316,
      8.268,
      8.197,
      8.173,
      8.094,
      7.94,
      8.113,
      8.11,
      8.197,
      7.964,
      8.144,
      8.006,
      8.151,
      7.974,
      8.151,
      8.286,
      8.195,
      8.07,
      8.246,
      8.136,
      8.089,
      7.881,
      8.187,
      7.945,
      8.198,
      7.819,
      8.056,
      7.939,
      8.017,
      7.901,
      8.224,
      9.803,
      9.437,
      8.793,
      10.279,
      9.478,
      11.043,
      12.362,
      12.284,
      9.47,
      10.73,
      8.943,
      8.578,
      8.075,
      8.084,
      7.925,
      8.002,
      7.866,
      8.026,
      7.909,
      8.009,
      7.872,
      7.992,
      7.831,
      8.036,
      7.924,
      8.034,
      7.886,
      7.984,
      7.808,
      8.029,
      7.828,
      8.051,
      7.879,
      7.887,
      7.929,
      7.904,
      8.034,
      7.834,
      8.001,
      7.8,
      8.018,
      7.839,
      8.031,
      7.827,
      8.716,
      7.901,
      8.059,
      7.941,
      8.053,
      7.895,
      8.131,
      7.897,
      8.076,
      8.035,
      8.257,
      7.98,
      8.134,
      7.975,
      8.184,
      7.98,
      8.658,
      8.266,
      8.16,
      8.117,
      8.164,
      7.942,
      7.861,
      7.988,
      7.869
    ],