{
  "metadata": {
    "name": "protgpt2",
    "hf_path": "nferruz/ProtGPT2",
    "hf_path_attempted": [],
    "hf_path_loaded": "nferruz/ProtGPT2",
    "param_count": 774030080,
    "param_count_str": "774.0M",
    "dtype": "float16",
    "weight_memory_mb": 1476.35,
    "hidden_size": 1280,
    "num_layers": 36,
    "num_attention_heads": 20,
    "num_kv_heads": 20,
    "head_dim": 64,
    "max_position_embeddings": 1024,
    "vocab_size": 50257,
    "architecture": "GPT2LMHeadModel",
    "warnings": [
      "Config field 'num_key_value_heads' not found (tried fallbacks: ('num_kv_heads',))",
      "num_key_value_heads not found; falling back to num_attention_heads=20",
      "Applied patch: Added get_head_mask() to ProGenPreTrainedModel (removed in transformers 5.x)",
      "Applied patch: Added get_head_mask() to inner transformer model (GPT2Model)"
    ]
  },
  "primary_result": {
    "model_name": "protgpt2",
    "prompt_token_length": 64,
    "max_new_tokens": 512,
    "actual_new_tokens": 512,
    "total_seq_length": 576,
    "batch_size": 1,
    "use_cache": true,
    "method": "manual_prefill_decode",
    "prefill_time_ms": 10.637967992806807,
    "decode_time_ms": 4062.417894048849,
    "total_time_ms": 4073.06,
    "decode_tokens_per_sec": 125.79,
    "end_to_end_tokens_per_sec": 125.7,
    "per_step_decode_times_ms": [
      7.946,
      7.889,
      7.75,
      7.75,
      7.841,
      7.804,
      7.779,
      7.822,
      7.82,
      7.823,
      7.801,
      7.738,
      7.991,
      7.812,
      7.746,
      7.736,
      7.773,
      7.738,
      7.918,
      7.829,
      7.811,
      7.713,
      7.757,
      7.775,
      7.831,
      7.833,
      7.801,
      7.816,
      7.929,
      7.716,
      7.711,
      7.772,
      7.709,
      7.72,
      7.696,
      7.744,
      7.718,
      7.767,
      8.148,
      7.84,
      7.759,
      7.749,
      7.733,
      7.687,
      7.772,
      7.807,
      7.842,
      7.767,
      7.803,
      8.057,
      7.952,
      7.777,
      7.786,
      7.942,
      7.731,
      7.748,
      7.757,
      7.78,
      7.757,
      7.796,
      7.761,
      7.77,
      7.646,
      7.833,
      7.821,
      7.718,
      7.685,
      7.77,
      7.82,
      7.83,
      7.772,
      7.775,
      8.084,
      7.787,
      7.72,
      7.767,
      7.884,
      7.804,
      7.827,
      7.813,
      7.958,
      7.853,
      7.847,
      7.727,
      7.908,
      7.837,
      7.883,
      7.878,
      7.798,
      7.797,
      7.912,
      7.92,
      7.974,
      7.852,
      7.965,
      7.881,
      7.924,
      7.836,
      8.002,
      8.189,
      8.055,
      7.87,
      7.787,
      7.892,
      7.922,
      7.926,
      7.897,
      7.809,
      7.874,
      7.82,
      7.949,
      7.793,
      7.781,
      7.861,
      8.22,
      7.914,
      7.772,
      7.766,
      8.032,
      7.962,
      7.862,
      7.738,
      7.921,
      7.936,
      7.847,
      7.787,
      7.857,
      7.967,
      7.855,
      7.925,
      7.822,
      7.885,
      7.864,
      7.943,
      7.918,
      7.856,
      7.784,
      7.984,
      8.104,
      7.845,
      8.259,
      7.946,
      7.886,
      7.816,
      7.779,
      7.892,
      7.882,
      7.869,
      7.793,
      7.805,
      7.895,
      7.769,
      7.858,
      7.835,
      7.903,
      7.773,
      7.854,
      7.848,
      7.858,
      7.721,
      7.901,
      7.857,
      7.863,
      7.716,
      7.909,
      7.922,
      7.715,
      7.77,
      7.724,
      7.728,
      7.739,
      7.741,
      7.729,
      7.839,
      7.759,
      7.824,
      7.717,
      7.797,
      7.826,
      7.788,
      7.773,
      7.747,
      7.862,
      7.815,
      7.837,
      7.769,
      7.823,
      7.744,
      7.784,
      7.758,
      7.822,
      7.792,
      7.916,
      7.878,
      7.898,
      7.907,
      7.92,
      7.862,
      7.911,
      7.913,
      7.977,
      7.95,
      7.935,
      7.99,
      7.907,
      7.948,
      8.122,
      7.98,
      7.995,
      8.81,
      7.96,
      7.926,
      7.906,
      7.942,
      7.877,
      7.95,
      7.931,
      7.943,
      7.897,
      7.953,
      7.96,
      7.954,
      7.919,
      7.966,
      7.917,
      7.952,
      8.015,
      7.918,
      7.923,
      7.967,
      7.949,
      7.94,
      7.949,
      7.965,
      7.954,
      8.008,
      7.992,
      7.941,
      7.919,
      7.977,
      8.108,
      8.002,
      8.049,
      7.996,
      8.062,
      7.976,
      8.045,
      8.036,
      8.049,
      8.061,
      7.986,
      7.97,
      7.978,
      7.976,
      7.991,
      8.086,
      7.985,
      7.978,
      7.988,
      8.016,
      7.979,
      7.998,
      7.973,
      8.186,
      8.01,
      8.174,
      8.001,
      8.039,
      7.955,
      8.11,
      8.005,
      7.929,
      7.933,
      7.931,
      7.973,
      7.993,
      7.92,
      7.886,
      7.954,
      8.017,
      8.043,
      7.91,
      7.996,
      7.995,
      8.003,
      8.037,
      7.971,
      7.971,
      8.055,
      7.954,
      8.025,
      7.977,
      8.022,
      7.924,
      7.997,
      8.006,
      8.053,
      7.973,
      8.154,
      7.998,
      8.082,
      7.955,
      7.992,
      8.023,
      8.046,
      7.95,
      7.942,
      7.998,
      7.939,
      8.037,
      7.991,
      8.069,
      7.973,
      7.948,
      8.009,
      8.017,
      8.223,
      8.064,
      8.102,
      8.109,
      8.276,
      8.099,
      7.972,
      7.984,
      8.109,
      8.084,
      8.053,
      8.028,
      8.037,
      8.101,
      8.004,
      7.973,
      7.982,
      8.077,
      8.044,
      8.067,
      8.049,
      8.027,
      8.522,
      8.346,
      8.165,
      8.264,
      8.17,
      8.039,
      8.267,
      8.015,
      8.046,
      7.875,
      8.099,
      7.861,
      8.018,
      7.909,
      7.995,
      7.916,
      8.204,
      7.92,
      8.134,
      7.868,
      8.115,
      7.925,
      8.058,
      7.984,
      8.027,
      7.881,
      8.027,
      8.102,
      8.179,
      8.219,
      8.269,
      8.327,
      8.271,
      8.387,
      8.236,
      8.002,
      7.918,
      7.953,
      7.848,
      8.066,
      7.86,
      8.167,
      7.856,
      8.223,
      7.937,
      8.091,
      7.861,
      8.037,
      7.915,
      8.248,
      7.891,
      8.108,
      8.119,
      8.225,
      7.93,
      8.121,
      7.872,
      8.022,
      7.807,
      8.098,
      7.895,
      8.021,
      7.919,
      7.994,
      7.975,
      7.888,
      7.97,
      7.863,
      8.072,
      7.877,
      8.047,
      7.819,
      8.072,
      7.807,
      8.019,
      7.8,
      8.06,
      7.918,
      8.076,
      7.833,
      8.043,
      7.86,
      8.038,
      7.883,
      8.106,
      7.872,
      8.039,
      7.949,
      7.892,
      7.993,
      7.794,
      7.956,
      7.952,
      8.088,
      7.856,
      8.081,
      7.892,
      8.094,
      7.801,
      8.062,
      7.842,
      8.056,
      7.848,
      8.108,
      7.903,
      8.245,
      7.867,
      8.2,
      7.834,
      8.062,
      7.978,
      8.297,
      7.91,
      8.013,
      7.918,
      7.961,
      8.05,
      7.909,
      8.125,
      7.97,
      8.115,
      7.921,
      8.377,
      7.928,
      8.202,
      7.901,
      8.52,
      7.978,
      8.093,
      7.965,
      8.062,
      7.936,
      8.079,
      7.862,
      8.086,
      7.895,
      8.078,
      7.928,
      8.093,
      7.871,
      8.137,
      7.837,
      8.071,
      7.919,
      7.984,
      7.99,
      7.95,
      8.082,
      7.893,
      8.098,
      8.035,
      8.455,
      8.027,
      8.814,
      8.224,
      8.654,
      8.09,
      8.339,
      8.043,
      8.364,
      7.924,
      8.1,
      7.983,
      8.059,
      8.01,
      8.052,
      7.918,
      8.122,
      7.917,
      8.141,
      7.944,
      8.153,
      7.943
    ],