{
  "metadata": {
    "name": "protgpt2",
    "hf_path": "nferruz/ProtGPT2",
    "hf_path_attempted": [],
    "hf_path_loaded": "nferruz/ProtGPT2",
    "param_count": 774030080,
    "param_count_str": "774.0M",
    "dtype": "float16",
    "weight_memory_mb": 1476.35,
    "hidden_size": 1280,
    "num_layers": 36,
    "num_attention_heads": 20,
    "num_kv_heads": 20,
    "head_dim": 64,
    "max_position_embeddings": 1024,
    "vocab_size": 50257,
    "architecture": "GPT2LMHeadModel",
    "warnings": [
      "Config field 'num_key_value_heads' not found (tried fallbacks: ('num_kv_heads',))",
      "num_key_value_heads not found; falling back to num_attention_heads=20",
      "Applied patch: Added get_head_mask() to ProGenPreTrainedModel (removed in transformers 5.x)",
      "Applied patch: Added get_head_mask() to inner transformer model (GPT2Model)"
    ]
  },
  "primary_result": {
    "model_name": "protgpt2",
    "prompt_token_length": 32,
    "max_new_tokens": 512,
    "actual_new_tokens": 512,
    "total_seq_length": 544,
    "batch_size": 1,
    "use_cache": true,
    "method": "manual_prefill_decode",
    "prefill_time_ms": 10.337887011701241,
    "decode_time_ms": 4090.729616495082,
    "total_time_ms": 4101.07,
    "decode_tokens_per_sec": 124.92,
    "end_to_end_tokens_per_sec": 124.85,
    "per_step_decode_times_ms": [
      8.233,
      8.151,
      8.229,
      8.04,
      8.398,
      8.093,
      8.266,
      7.875,
      8.637,
      7.936,
      8.232,
      7.888,
      8.086,
      7.757,
      8.403,
      7.834,
      8.178,
      7.735,
      8.053,
      7.836,
      8.099,
      7.83,
      8.186,
      8.076,
      8.278,
      7.995,
      8.082,
      8.298,
      8.233,
      7.766,
      8.103,
      7.907,
      8.226,
      7.799,
      8.039,
      8.001,
      7.9,
      7.895,
      8.017,
      8.232,
      7.893,
      8.142,
      8.401,
      8.264,
      7.818,
      8.299,
      7.827,
      8.237,
      7.776,
      8.216,
      7.906,
      8.115,
      7.75,
      8.011,
      7.767,
      7.981,
      7.74,
      7.99,
      7.757,
      8.46,
      7.759,
      8.042,
      7.753,
      7.821,
      7.927,
      8.125,
      8.022,
      7.855,
      8.046,
      7.794,
      8.183,
      7.705,
      8.072,
      7.68,
      8.046,
      7.867,
      8.043,
      7.982,
      8.07,
      7.892,
      8.175,
      7.926,
      8.018,
      7.876,
      8.153,
      7.952,
      7.955,
      7.848,
      7.841,
      7.901,
      7.747,
      8.182,
      8.08,
      8.182,
      7.812,
      8.264,
      8.083,
      8.153,
      7.896,
      8.185,
      8.059,
      8.066,
      7.745,
      8.258,
      8.009,
      8.807,
      7.773,
      8.193,
      7.845,
      7.921,
      7.769,
      7.899,
      7.704,
      7.915,
      7.756,
      7.775,
      7.865,
      7.869,
      7.97,
      7.817,
      7.87,
      7.792,
      7.906,
      7.871,
      8.017,
      8.029,
      8.046,
      8.138,
      8.043,
      7.889,
      8.034,
      8.189,
      8.138,
      8.025,
      8.094,
      7.919,
      7.983,
      7.891,
      8.008,
      7.852,
      7.822,
      7.846,
      7.801,
      7.835,
      7.774,
      7.873,
      7.727,
      7.872,
      7.905,
      8.046,
      7.834,
      8.045,
      8.151,
      7.925,
      7.933,
      8.119,
      7.753,
      7.919,
      7.812,
      7.889,
      7.796,
      7.868,
      7.813,
      7.742,
      7.916,
      7.944,
      7.965,
      7.83,
      7.898,
      7.765,
      8.055,
      7.854,
      8.404,
      8.053,
      7.915,
      7.753,
      8.05,
      7.809,
      7.886,
      7.796,
      7.865,
      7.867,
      7.767,
      8.107,
      7.786,
      8.003,
      7.787,
      8.014,
      7.731,
      7.895,
      7.799,
      7.884,
      7.731,
      7.877,
      7.738,
      7.951,
      7.768,
      7.948,
      7.788,
      8.037,
      7.836,
      7.918,
      8.1,
      7.824,
      8.076,
      7.799,
      8.174,
      7.787,
      7.924,
      7.845,
      8.146,
      7.871,
      8.065,
      7.774,
      7.965,
      7.786,
      7.896,
      7.757,
      7.914,
      7.766,
      8.055,
      7.807,
      7.817,
      7.882,
      7.995,
      8.058,
      7.915,
      8.038,
      7.921,
      7.976,
      7.961,
      8.198,
      7.97,
      8.064,
      7.91,
      8.023,
      7.98,
      8.105,
      7.951,
      8.076,
      8.322,
      9.032,
      8.041,
      8.046,
      8.138,
      8.226,
      7.998,
      8.162,
      7.964,
      8.104,
      8.18,
      8.249,
      8.151,
      8.266,
      8.388,
      8.2,
      8.103,
      8.112,
      8.111,
      8.131,
      8.075,
      8.148,
      8.037,
      7.96,
      7.975,
      7.911,
      8.049,
      7.91,
      8.041,
      7.944,
      8.044,
      7.887,
      8.051,
      7.927,
      8.081,
      8.098,
      8.014,
      8.208,
      8.095,
      8.046,
      8.087,
      7.89,
      8.157,
      8.069,
      8.143,
      8.001,
      8.142,
      7.916,
      8.04,
      7.868,
      8.134,
      7.94,
      8.012,
      7.998,
      7.942,
      8.201,
      7.909,
      8.157,
      8.091,
      8.162,
      7.893,
      8.094,
      7.93,
      7.967,
      7.856,
      8.048,
      7.926,
      8.049,
      7.933,
      8.312,
      7.982,
      8.232,
      7.907,
      8.191,
      7.86,
      8.149,
      7.93,
      8.187,
      7.931,
      8.273,
      7.877,
      8.155,
      7.932,
      8.024,
      7.946,
      7.942,
      8.11,
      7.944,
      8.087,
      7.832,
      8.1,
      7.814,
      8.31,
      7.928,
      8.404,
      8.017,
      8.21,
      7.995,
      8.172,
      7.964,
      8.171,
      7.967,
      8.197,
      7.923,
      8.128,
      7.922,
      8.215,
      7.925,
      8.196,
      7.914,
      8.267,
      7.983,
      8.206,
      7.933,
      8.36,
      7.945,
      8.092,
      7.948,
      7.909,
      7.967,
      7.969,
      8.095,
      7.905,
      8.104,
      7.92,
      8.145,
      7.89,
      8.132,
      7.93,
      8.08,
      7.94,
      8.031,
      8.246,
      8.262,
      8.268,
      8.676,
      8.168,
      8.387,
      8.097,
      8.265,
      7.952,
      8.234,
      8.641,
      8.223,
      7.888,
      8.113,
      7.866,
      8.068,
      7.842,
      8.133,
      7.894,
      8.144,
      7.799,
      8.081,
      7.81,
      7.848,
      7.974,
      7.859,
      8.101,
      7.96,
      8.38,
      8.002,
      8.229,
      7.882,
      8.111,
      7.851,
      8.18,
      7.893,
      8.149,
      7.886,
      8.095,
      7.821,
      8.14,
      7.873,
      8.212,
      7.847,
      8.166,
      7.889,
      8.196,
      7.829,
      8.139,
      7.835,
      8.1,
      7.825,
      7.855,
      7.941,
      7.848,
      8.035,
      7.848,
      7.933,
      7.877,
      8.172,
      7.867,
      8.084,
      7.838,
      8.025,
      8.016,
      8.055,
      7.943,
      8.136,
      7.847,
      8.114,
      7.822,
      7.952,
      7.803,
      8.075,
      7.848,
      8.008,
      7.902,
      7.868,
      8.192,
      7.807,
      8.025,
      7.814,
      8.16,
      7.895,
      7.929,
      7.855,
      8.043,
      7.79,
      8.013,
      7.781,
      8.108,
      7.869,
      8.019,
      7.829,
      7.976,
      7.9,
      7.974,
      7.815,
      8.145,
      7.913,
      7.871,
      7.909,
      7.912,
      7.953,
      7.854,
      7.962,
      7.872,
      8.111,
      7.923,
      8.203,
      7.915,
      7.97,
      7.833,
      7.983,
      7.853,
      8.039,
      8.247,
      8.065,
      8.101,
      8.047,
      7.993,
      7.982,
      7.861,
      8.084,
      7.816,
      7.887,
      7.979,
      8.079,
      8.138,
      8.613,
      8.377,
      8.402,
      8.158,
      8.122,
      8.374,
      8.072,
      8.169,
      7.941,
      8.074
    ],