{
  "metadata": {
    "name": "protgpt2",
    "hf_path": "nferruz/ProtGPT2",
    "hf_path_attempted": [],
    "hf_path_loaded": "nferruz/ProtGPT2",
    "param_count": 774030080,
    "param_count_str": "774.0M",
    "dtype": "float16",
    "weight_memory_mb": 1476.35,
    "hidden_size": 1280,
    "num_layers": 36,
    "num_attention_heads": 20,
    "num_kv_heads": 20,
    "head_dim": 64,
    "max_position_embeddings": 1024,
    "vocab_size": 50257,
    "architecture": "GPT2LMHeadModel",
    "warnings": [
      "Config field 'num_key_value_heads' not found (tried fallbacks: ('num_kv_heads',))",
      "num_key_value_heads not found; falling back to num_attention_heads=20",
      "Applied patch: Added get_head_mask() to ProGenPreTrainedModel (removed in transformers 5.x)",
      "Applied patch: Added get_head_mask() to inner transformer model (GPT2Model)"
    ]
  },
  "primary_result": {
    "model_name": "protgpt2",
    "prompt_token_length": 128,
    "max_new_tokens": 128,
    "actual_new_tokens": 128,
    "total_seq_length": 256,
    "batch_size": 1,
    "use_cache": true,
    "method": "manual_prefill_decode",
    "prefill_time_ms": 11.205930990399793,
    "decode_time_ms": 1012.0404849585611,
    "total_time_ms": 1023.25,
    "decode_tokens_per_sec": 125.49,
    "end_to_end_tokens_per_sec": 125.09,
    "per_step_decode_times_ms": [
      8.285,
      8.107,
      7.953,
      7.818,
      7.998,
      7.888,
      7.986,
      8.153,
      7.952,
      8.058,
      7.865,
      7.95,
      8.0,
      7.828,
      7.77,
      8.009,
      7.837,
      7.916,
      7.822,
      7.919,
      7.903,
      7.818,
      7.812,
      7.837,
      7.902,
      7.875,
      7.897,
      7.873,
      7.838,
      7.841,
      7.972,
      8.044,
      8.033,
      7.978,
      8.038,
      8.762,
      8.049,
      7.973,
      7.992,
      8.128,
      7.926,
      7.956,
      7.913,
      7.908,
      7.944,
      7.856,
      7.925,
      7.873,
      7.915,
      7.904,
      7.938,
      7.95,
      7.909,
      7.866,
      7.946,
      7.91,
      7.909,
      7.9,
      8.003,
      8.014,
      7.936,
      7.995,
      7.852,
      8.012,
      7.969,
      7.919,
      7.856,
      8.198,
      7.905,
      8.051,
      8.001,
      8.053,
      7.875,
      7.908,
      8.019,
      7.993,
      8.357,
      7.966,
      7.869,
      7.889,
      7.899,
      7.803,
      7.907,
      8.048,
      7.995,
      7.929,
      8.133,
      7.887,
      8.034,
      7.815,
      8.129,
      7.916,
      7.848,
      7.806,
      7.987,
      7.933,
      8.034,
      7.907,
      8.11,
      8.08,
      8.002,
      7.804,
      7.976,
      7.892,
      7.867,
      7.778,
      7.987,
      8.042,
      8.031,
      7.954,
      7.928,
      8.317,
      7.933,
      8.084,
      8.045,
      8.174,
      7.88,
      8.068,
      7.943,
      8.16,
      7.917,
      8.055,
      8.445,
      8.12,
      7.98,
      7.838,
      7.85
    ],
    "memory_after_load": {
      "allocated_mb": 1485.47119140625,
      "reserved_mb": 1618.0,
      "max_allocated_mb": 1485.47119140625,
      "max_reserved_mb": 1618.0
    },
    "memory_after_prefill": {
      "allocated_mb": 1520.24169921875,
      "reserved_mb": 1658.0,
      "max_allocated_mb": 1520.5537109375,
      "max_reserved_mb": 1658.0
    },
    "memory_peak": {
      "allocated_mb": 1530.4541015625,
      "reserved_mb": 1682.0,
      "max_allocated_mb": 1531.09130859375,
      "max_reserved_mb": 1682.0
    },
    "theoretical_kv_cache": {
      "total_mb": 45.0,
      "per_token_mb": 0.1758,
      "as_pct_of_weights": 3.05,
      "growth_per_100_tokens_mb": 17.58,
      "seq_len_used": 256
    },
    "observed_peak_allocated_mb": 1531.09,
    "observed_peak_reserved_mb": 1682.0,
    "error": null,
    "warnings": []
  },
  "secondary_result": {
    "model_name": "protgpt2",
    "prompt_token_length": 128,
    "max_new_tokens": 128,
    "actual_new_tokens": 5,
    "total_seq_length": 133,
    "batch_size": 1,
    "use_cache": true,
    "method": "generate_api",
    "prefill_time_ms": null,
    "decode_time_ms": null,
    "total_time_ms": 45.13,
    "decode_tokens_per_sec": 0.0,
    "end_to_end_tokens_per_sec": 110.79,
    "per_step_decode_times_ms": [],
    "memory_after_load": {
      "allocated_mb": 1485.47119140625,
      "reserved_mb": 1618.0,
      "max_allocated_mb": 1485.47119140625,
      "max_reserved_mb": 1618.0
    },
    "memory_after_prefill": null,
    "memory_peak": {
      "allocated_mb": 1485.47265625,
      "reserved_mb": 1646.0,
      "max_allocated_mb": 1514.8505859375,
      "max_reserved_mb": 1646.0
    },
    "theoretical_kv_cache": {
      "total_mb": 23.38,
      "per_token_mb": 0.1758,
      "as_pct_of_weights": 1.58,
      "growth_per_100_tokens_mb": 17.58,
      "seq_len_used": 133
    },
    "observed_peak_allocated_mb": 1514.85,
    "observed_peak_reserved_mb": 1646.0,
    "error": null,
    "warnings": []
  },
  "theoretical_kv_upper_bound": {
    "total_mb": 45.0,
    "total_bytes": 47185920,
    "per_token_mb": 0.1758,
    "as_pct_of_weights": 3.05,
    "growth_per_100_tokens_mb": 17.58,
    "seq_len_used": 256,
    "label": "upper_bound_at_configured_max"
  }
}