{
  "metadata": {
    "name": "protgpt2",
    "hf_path": "nferruz/ProtGPT2",
    "hf_path_attempted": [],
    "hf_path_loaded": "nferruz/ProtGPT2",
    "param_count": 774030080,
    "param_count_str": "774.0M",
    "dtype": "float16",
    "weight_memory_mb": 1476.35,
    "hidden_size": 1280,
    "num_layers": 36,
    "num_attention_heads": 20,
    "num_kv_heads": 20,
    "head_dim": 64,
    "max_position_embeddings": 1024,
    "vocab_size": 50257,
    "architecture": "GPT2LMHeadModel",
    "warnings": [
      "Config field 'num_key_value_heads' not found (tried fallbacks: ('num_kv_heads',))",
      "num_key_value_heads not found; falling back to num_attention_heads=20",
      "Applied patch: Added get_head_mask() to ProGenPreTrainedModel (removed in transformers 5.x)",
      "Applied patch: Added get_head_mask() to inner transformer model (GPT2Model)"
    ]
  },
  "primary_result": {
    "model_name": "protgpt2",
    "prompt_token_length": 256,
    "max_new_tokens": 256,
    "actual_new_tokens": 256,
    "total_seq_length": 512,
    "batch_size": 1,
    "use_cache": true,
    "method": "manual_prefill_decode",
    "prefill_time_ms": 13.252149015897885,
    "decode_time_ms": 2067.4619309429545,
    "total_time_ms": 2080.71,
    "decode_tokens_per_sec": 123.34,
    "end_to_end_tokens_per_sec": 123.03,
    "per_step_decode_times_ms": [
      8.153,
      8.142,
      7.963,
      8.04,
      7.888,
      7.982,
      7.918,
      8.049,
      7.874,
      7.996,
      7.894,
      8.144,
      7.973,
      8.1,
      8.062,
      8.34,
      8.213,
      9.265,
      8.128,
      8.379,
      8.043,
      8.371,
      8.166,
      8.174,
      7.987,
      8.065,
      7.88,
      8.017,
      7.901,
      7.995,
      7.925,
      8.142,
      7.973,
      8.227,
      10.699,
      9.239,
      8.344,
      8.631,
      8.26,
      8.49,
      7.994,
      8.415,
      7.899,
      8.384,
      7.871,
      8.368,
      7.893,
      8.202,
      7.888,
      8.213,
      7.89,
      8.203,
      7.923,
      8.227,
      7.936,
      8.2,
      8.087,
      8.303,
      8.236,
      8.099,
      9.668,
      8.271,
      8.136,
      8.092,
      7.815,
      8.174,
      7.899,
      8.292,
      8.57,
      8.387,
      8.134,
      8.115,
      7.888,
      7.92,
      7.933,
      7.886,
      8.021,
      8.072,
      8.078,
      7.843,
      8.009,
      7.903,
      8.008,
      7.875,
      8.055,
      8.202,
      8.48,
      8.086,
      8.504,
      8.205,
      8.535,
      8.21,
      8.437,
      8.019,
      8.416,
      7.929,
      8.215,
      7.949,
      8.043,
      7.883,
      8.377,
      8.003,
      8.269,
      7.846,
      8.044,
      8.159,
      8.034,
      7.945,
      8.034,
      7.971,
      7.972,
      8.067,
      8.218,
      8.003,
      8.131,
      8.051,
      8.019,
      8.092,
      8.024,
      8.083,
      7.987,
      8.156,
      8.004,
      8.377,
      8.001,
      8.148,
      7.956,
      8.141,
      8.008,
      8.388,
      7.967,
      8.317,
      7.965,
      8.334,
      8.084,
      8.294,
      7.96,
      8.417,
      8.024,
      8.416,
      8.127,
      8.429,
      8.113,
      8.287,
      7.95,
      8.322,
      8.022,
      8.401,
      8.067,
      8.564,
      8.076,
      8.581,
      7.999,
      8.47,
      7.953,
      8.352,
      7.908,
      8.217,
      7.802,
      8.252,
      7.846,
      8.211,
      7.819,
      8.106,
      7.879,
      7.878,
      8.224,
      8.002,
      8.231,
      7.946,
      8.247,
      7.854,
      8.391,
      8.115,
      8.218,
      7.916,
      8.261,
      7.913,
      8.248,
      7.887,
      8.333,
      7.835,
      8.349,
      7.846,
      8.221,
      7.965,
      8.219,
      7.932,
      8.188,
      8.211,
      8.251,
      7.927,
      8.226,
      7.878,
      8.037,
      7.773,
      8.068,
      8.079,
      8.111,
      7.926,
      7.908,
      7.868,
      7.821,
      7.896,
      7.801,
      7.951,
      7.882,
      8.006,
      8.106,
      8.252,
      8.008,
      8.284,
      8.012,
      8.332,
      7.884,
      8.197,
      7.881,
      8.2,
      7.909,
      8.186,
      7.873,
      8.202,
      7.842,
      8.277,
      7.884,
      7.987,
      7.887,
      8.061,
      7.886,
      7.911,
      7.905,
      7.878,
      8.022,
      8.198,
      7.96,
      8.075,
      8.035,
      7.956,
      7.982,
      8.03,
      7.986,
      7.958,
      7.998,
      7.902,
      8.027,
      7.864,
      8.115,
      7.941,
      8.039,
      7.803,
      7.954,
      7.82,
      8.001,
      7.801,
      7.855
    ],
    "memory_after_load": {
      "allocated_mb": 1485.47216796875,
      "reserved_mb": 1618.0,
      "max_allocated_mb": 1485.47216796875,
      "max_reserved_mb": 1618.0
    },
    "memory_after_prefill": {
      "allocated_mb": 1555.01220703125,
      "reserved_mb": 1716.0,
      "max_allocated_mb": 1555.63671875,
      "max_reserved_mb": 1716.0
    },
    "memory_peak": {
      "allocated_mb": 1584.99560546875,
      "reserved_mb": 1742.0,
      "max_allocated_mb": 1586.5126953125,
      "max_reserved_mb": 1742.0
    },
    "theoretical_kv_cache": {
      "total_mb": 90.0,
      "per_token_mb": 0.1758,
      "as_pct_of_weights": 6.1,
      "growth_per_100_tokens_mb": 17.58,
      "seq_len_used": 512
    },
    "observed_peak_allocated_mb": 1586.51,
    "observed_peak_reserved_mb": 1742.0,
    "error": null,
    "warnings": []
  },
  "secondary_result": {
    "model_name": "protgpt2",
    "prompt_token_length": 256,
    "max_new_tokens": 256,
    "actual_new_tokens": 25,
    "total_seq_length": 281,
    "batch_size": 1,
    "use_cache": true,
    "method": "generate_api",
    "prefill_time_ms": null,
    "decode_time_ms": null,
    "total_time_ms": 212.87,
    "decode_tokens_per_sec": 0.0,
    "end_to_end_tokens_per_sec": 117.44,
    "per_step_decode_times_ms": [],
    "memory_after_load": {
      "allocated_mb": 1485.47216796875,
      "reserved_mb": 1618.0,
      "max_allocated_mb": 1485.47216796875,
      "max_reserved_mb": 1618.0
    },
    "memory_after_prefill": null,
    "memory_peak": {
      "allocated_mb": 1485.474609375,
      "reserved_mb": 1712.0,
      "max_allocated_mb": 1544.2294921875,
      "max_reserved_mb": 1712.0
    },
    "theoretical_kv_cache": {
      "total_mb": 49.39,
      "per_token_mb": 0.1758,
      "as_pct_of_weights": 3.35,
      "growth_per_100_tokens_mb": 17.58,
      "seq_len_used": 281
    },
    "observed_peak_allocated_mb": 1544.23,
    "observed_peak_reserved_mb": 1712.0,
    "error": null,
    "warnings": []
  },
  "theoretical_kv_upper_bound": {
    "total_mb": 90.0,
    "total_bytes": 94371840,
    "per_token_mb": 0.1758,
    "as_pct_of_weights": 6.1,
    "growth_per_100_tokens_mb": 17.58,
    "seq_len_used": 512,
    "label": "upper_bound_at_configured_max"
  }
}