{
  "metadata": {
    "name": "protgpt2",
    "hf_path": "nferruz/ProtGPT2",
    "hf_path_attempted": [],
    "hf_path_loaded": "nferruz/ProtGPT2",
    "param_count": 774030080,
    "param_count_str": "774.0M",
    "dtype": "float16",
    "weight_memory_mb": 1476.35,
    "hidden_size": 1280,
    "num_layers": 36,
    "num_attention_heads": 20,
    "num_kv_heads": 20,
    "head_dim": 64,
    "max_position_embeddings": 1024,
    "vocab_size": 50257,
    "architecture": "GPT2LMHeadModel",
    "warnings": [
      "Config field 'num_key_value_heads' not found (tried fallbacks: ('num_kv_heads',))",
      "num_key_value_heads not found; falling back to num_attention_heads=20",
      "Applied patch: Added get_head_mask() to ProGenPreTrainedModel (removed in transformers 5.x)",
      "Applied patch: Added get_head_mask() to inner transformer model (GPT2Model)"
    ]
  },
  "primary_result": {
    "model_name": "protgpt2",
    "prompt_token_length": 64,
    "max_new_tokens": 128,
    "actual_new_tokens": 128,
    "total_seq_length": 192,
    "batch_size": 1,
    "use_cache": true,
    "method": "manual_prefill_decode",
    "prefill_time_ms": 11.288820998743176,
    "decode_time_ms": 1007.8368669492193,
    "total_time_ms": 1019.13,
    "decode_tokens_per_sec": 126.01,
    "end_to_end_tokens_per_sec": 125.6,
    "per_step_decode_times_ms": [
      8.134,
      7.807,
      7.949,
      7.94,
      7.804,
      7.878,
      7.92,
      7.866,
      7.974,
      7.853,
      8.015,
      7.731,
      7.908,
      7.849,
      8.407,
      7.677,
      8.519,
      7.81,
      8.511,
      7.861,
      8.053,
      7.85,
      7.957,
      7.648,
      7.769,
      7.761,
      7.705,
      7.718,
      7.83,
      7.896,
      7.802,
      7.793,
      7.708,
      7.976,
      7.697,
      7.981,
      7.718,
      7.934,
      8.052,
      8.102,
      7.731,
      7.762,
      7.849,
      7.671,
      7.778,
      7.665,
      7.878,
      7.669,
      7.833,
      7.751,
      8.225,
      7.817,
      8.04,
      7.883,
      8.238,
      7.724,
      7.951,
      7.709,
      7.933,
      7.671,
      7.711,
      7.827,
      7.669,
      7.871,
      7.648,
      7.966,
      7.709,
      7.909,
      7.681,
      7.982,
      7.743,
      8.054,
      8.014,
      8.389,
      7.77,
      8.128,
      7.671,
      8.261,
      7.876,
      7.974,
      7.679,
      7.754,
      8.016,
      8.079,
      8.007,
      7.841,
      7.909,
      7.788,
      7.911,
      7.809,
      7.981,
      7.753,
      7.904,
      7.75,
      7.943,
      7.8,
      7.908,
      7.898,
      8.248,
      8.275,
      8.289,
      8.058,
      8.372,
      7.994,
      8.009,
      8.229,
      8.094,
      7.937,
      7.785,
      7.954,
      7.732,
      7.972,
      7.801,
      7.912,
      7.76,
      7.879,
      7.731,
      7.877,
      7.751,
      7.848,
      7.723,
      8.024,
      8.652,
      10.068,
      8.779,
      8.292,
      8.065
    ],
    "memory_after_load": {
      "allocated_mb": 1485.470703125,
      "reserved_mb": 1618.0,
      "max_allocated_mb": 1485.470703125,
      "max_reserved_mb": 1618.0
    },
    "memory_after_prefill": {
      "allocated_mb": 1502.8564453125,
      "reserved_mb": 1654.0,
      "max_allocated_mb": 1503.01220703125,
      "max_reserved_mb": 1654.0
    },
    "memory_peak": {
      "allocated_mb": 1519.20361328125,
      "reserved_mb": 1676.0,
      "max_allocated_mb": 1519.6845703125,
      "max_reserved_mb": 1676.0
    },
    "theoretical_kv_cache": {
      "total_mb": 33.75,
      "per_token_mb": 0.1758,
      "as_pct_of_weights": 2.29,
      "growth_per_100_tokens_mb": 17.58,
      "seq_len_used": 192
    },
    "observed_peak_allocated_mb": 1519.68,
    "observed_peak_reserved_mb": 1676.0,
    "error": null,
    "warnings": []
  },
  "secondary_result": {
    "model_name": "protgpt2",
    "prompt_token_length": 64,
    "max_new_tokens": 128,
    "actual_new_tokens": 7,
    "total_seq_length": 71,
    "batch_size": 1,
    "use_cache": true,
    "method": "generate_api",
    "prefill_time_ms": null,
    "decode_time_ms": null,
    "total_time_ms": 62.4,
    "decode_tokens_per_sec": 0.0,
    "end_to_end_tokens_per_sec": 112.18,
    "per_step_decode_times_ms": [],
    "memory_after_load": {
      "allocated_mb": 1485.470703125,
      "reserved_mb": 1618.0,
      "max_allocated_mb": 1485.470703125,
      "max_reserved_mb": 1618.0
    },
    "memory_after_prefill": null,
    "memory_peak": {
      "allocated_mb": 1485.4716796875,
      "reserved_mb": 1634.0,
      "max_allocated_mb": 1500.1611328125,
      "max_reserved_mb": 1634.0
    },
    "theoretical_kv_cache": {
      "total_mb": 12.48,
      "per_token_mb": 0.1758,
      "as_pct_of_weights": 0.85,
      "growth_per_100_tokens_mb": 17.58,
      "seq_len_used": 71
    },
    "observed_peak_allocated_mb": 1500.16,
    "observed_peak_reserved_mb": 1634.0,
    "error": null,
    "warnings": []
  },
  "theoretical_kv_upper_bound": {
    "total_mb": 33.75,
    "total_bytes": 35389440,
    "per_token_mb": 0.1758,
    "as_pct_of_weights": 2.29,
    "growth_per_100_tokens_mb": 17.58,
    "seq_len_used": 192,
    "label": "upper_bound_at_configured_max"
  }
}