{
  "metadata": {
    "name": "protgpt2",
    "hf_path": "nferruz/ProtGPT2",
    "hf_path_attempted": [],
    "hf_path_loaded": "nferruz/ProtGPT2",
    "param_count": 774030080,
    "param_count_str": "774.0M",
    "dtype": "float16",
    "weight_memory_mb": 1476.35,
    "hidden_size": 1280,
    "num_layers": 36,
    "num_attention_heads": 20,
    "num_kv_heads": 20,
    "head_dim": 64,
    "max_position_embeddings": 1024,
    "vocab_size": 50257,
    "architecture": "GPT2LMHeadModel",
    "warnings": [
      "Config field 'num_key_value_heads' not found (tried fallbacks: ('num_kv_heads',))",
      "num_key_value_heads not found; falling back to num_attention_heads=20",
      "Applied patch: Added get_head_mask() to ProGenPreTrainedModel (removed in transformers 5.x)",
      "Applied patch: Added get_head_mask() to inner transformer model (GPT2Model)"
    ]
  },
  "primary_result": {
    "model_name": "protgpt2",
    "prompt_token_length": 64,
    "max_new_tokens": 128,
    "actual_new_tokens": 128,
    "total_seq_length": 192,
    "batch_size": 1,
    "use_cache": true,
    "method": "manual_prefill_decode",
    "prefill_time_ms": 11.09166000969708,
    "decode_time_ms": 1057.083095103735,
    "total_time_ms": 1068.17,
    "decode_tokens_per_sec": 120.14,
    "end_to_end_tokens_per_sec": 119.83,
    "per_step_decode_times_ms": [
      8.086,
      8.052,
      7.863,
      8.167,
      7.796,
      7.976,
      7.858,
      8.106,
      7.788,
      8.019,
      7.841,
      8.572,
      7.826,
      7.843,
      7.775,
      7.935,
      7.87,
      7.969,
      7.932,
      7.841,
      8.156,
      8.11,
      8.06,
      7.897,
      7.996,
      7.786,
      7.957,
      7.722,
      8.107,
      7.784,
      7.948,
      7.895,
      8.117,
      7.975,
      8.175,
      7.919,
      8.092,
      7.947,
      8.342,
      9.241,
      8.587,
      8.191,
      8.287,
      8.388,
      8.55,
      8.224,
      8.378,
      8.244,
      8.275,
      8.072,
      8.241,
      8.239,
      8.266,
      8.277,
      9.041,
      8.057,
      11.504,
      9.817,
      8.376,
      9.769,
      9.301,
      11.202,
      11.066,
      8.634,
      9.492,
      8.151,
      8.613,
      8.38,
      9.258,
      8.293,
      8.891,
      8.253,
      9.089,
      8.068,
      8.523,
      8.052,
      9.343,
      8.024,
      8.354,
      8.008,
      8.257,
      7.999,
      8.257,
      8.353,
      8.536,
      8.099,
      8.787,
      8.17,
      8.655,
      8.344,
      8.428,
      8.0,
      9.001,
      7.995,
      8.416,
      7.949,
      8.199,
      7.88,
      8.308,
      8.929,
      8.349,
      7.882,
      8.794,
      8.66,
      8.857,
      8.641,
      8.132,
      9.265,
      8.122,
      7.78,
      7.995,
      8.21,
      7.913,
      8.62,
      7.865,
      7.896,
      7.895,
      7.902,
      7.793,
      7.956,
      7.711,
      7.836,
      7.726,
      8.869,
      8.021,
      7.734,
      7.977
    ],
    "memory_after_load": {
      "allocated_mb": 1485.470703125,
      "reserved_mb": 1618.0,
      "max_allocated_mb": 1485.470703125,
      "max_reserved_mb": 1618.0
    },
    "memory_after_prefill": {
      "allocated_mb": 1502.8564453125,
      "reserved_mb": 1654.0,
      "max_allocated_mb": 1503.01220703125,
      "max_reserved_mb": 1654.0
    },
    "memory_peak": {
      "allocated_mb": 1519.20361328125,
      "reserved_mb": 1676.0,
      "max_allocated_mb": 1519.6845703125,
      "max_reserved_mb": 1676.0
    },
    "theoretical_kv_cache": {
      "total_mb": 33.75,
      "per_token_mb": 0.1758,
      "as_pct_of_weights": 2.29,
      "growth_per_100_tokens_mb": 17.58,
      "seq_len_used": 192
    },
    "observed_peak_allocated_mb": 1519.68,
    "observed_peak_reserved_mb": 1676.0,
    "error": null,
    "warnings": []
  },
  "secondary_result": {
    "model_name": "protgpt2",
    "prompt_token_length": 64,
    "max_new_tokens": 128,
    "actual_new_tokens": 7,
    "total_seq_length": 71,
    "batch_size": 1,
    "use_cache": true,
    "method": "generate_api",
    "prefill_time_ms": null,
    "decode_time_ms": null,
    "total_time_ms": 61.86,
    "decode_tokens_per_sec": 0.0,
    "end_to_end_tokens_per_sec": 113.15,
    "per_step_decode_times_ms": [],
    "memory_after_load": {
      "allocated_mb": 1485.470703125,
      "reserved_mb": 1618.0,
      "max_allocated_mb": 1485.470703125,
      "max_reserved_mb": 1618.0
    },
    "memory_after_prefill": null,
    "memory_peak": {
      "allocated_mb": 1485.4716796875,
      "reserved_mb": 1634.0,
      "max_allocated_mb": 1500.1611328125,
      "max_reserved_mb": 1634.0
    },
    "theoretical_kv_cache": {
      "total_mb": 12.48,
      "per_token_mb": 0.1758,
      "as_pct_of_weights": 0.85,
      "growth_per_100_tokens_mb": 17.58,
      "seq_len_used": 71
    },
    "observed_peak_allocated_mb": 1500.16,
    "observed_peak_reserved_mb": 1634.0,
    "error": null,
    "warnings": []
  },
  "theoretical_kv_upper_bound": {
    "total_mb": 33.75,
    "total_bytes": 35389440,
    "per_token_mb": 0.1758,
    "as_pct_of_weights": 2.29,
    "growth_per_100_tokens_mb": 17.58,
    "seq_len_used": 192,
    "label": "upper_bound_at_configured_max"
  }
}