{
  "metadata": {
    "name": "protgpt2",
    "hf_path": "nferruz/ProtGPT2",
    "hf_path_attempted": [],
    "hf_path_loaded": "nferruz/ProtGPT2",
    "param_count": 774030080,
    "param_count_str": "774.0M",
    "dtype": "float16",
    "weight_memory_mb": 1476.35,
    "hidden_size": 1280,
    "num_layers": 36,
    "num_attention_heads": 20,
    "num_kv_heads": 20,
    "head_dim": 64,
    "max_position_embeddings": 1024,
    "vocab_size": 50257,
    "architecture": "GPT2LMHeadModel",
    "warnings": [
      "Config field 'num_key_value_heads' not found (tried fallbacks: ('num_kv_heads',))",
      "num_key_value_heads not found; falling back to num_attention_heads=20",
      "Applied patch: Added get_head_mask() to ProGenPreTrainedModel (removed in transformers 5.x)",
      "Applied patch: Added get_head_mask() to inner transformer model (GPT2Model)"
    ]
  },
  "primary_result": {
    "model_name": "protgpt2",
    "prompt_token_length": 256,
    "max_new_tokens": 512,
    "actual_new_tokens": 512,
    "total_seq_length": 768,
    "batch_size": 1,
    "use_cache": true,
    "method": "manual_prefill_decode",
    "prefill_time_ms": 13.389269995968789,
    "decode_time_ms": 4151.779185136547,
    "total_time_ms": 4165.17,
    "decode_tokens_per_sec": 123.08,
    "end_to_end_tokens_per_sec": 122.92,
    "per_step_decode_times_ms": [
      8.286,
      8.335,
      8.082,
      8.255,
      7.969,
      8.195,
      7.948,
      8.179,
      7.95,
      8.21,
      8.137,
      8.267,
      8.059,
      8.205,
      7.975,
      8.265,
      7.926,
      9.221,
      7.927,
      8.146,
      7.864,
      7.972,
      7.997,
      8.047,
      7.844,
      7.998,
      7.853,
      7.939,
      8.09,
      8.032,
      8.063,
      7.916,
      8.078,
      7.908,
      7.978,
      7.918,
      8.023,
      7.873,
      8.17,
      7.944,
      8.083,
      7.922,
      8.063,
      7.935,
      8.111,
      7.913,
      8.129,
      8.119,
      8.204,
      8.052,
      8.094,
      8.149,
      8.092,
      8.033,
      8.053,
      8.029,
      8.069,
      7.942,
      8.079,
      7.981,
      8.063,
      7.944,
      7.903,
      7.937,
      7.938,
      8.055,
      7.956,
      8.242,
      7.931,
      8.048,
      7.959,
      8.079,
      7.943,
      8.143,
      7.907,
      8.112,
      8.005,
      8.1,
      7.993,
      8.431,
      8.118,
      8.665,
      8.106,
      8.404,
      8.059,
      8.302,
      8.049,
      8.229,
      7.995,
      8.24,
      7.937,
      8.172,
      7.916,
      8.174,
      8.062,
      8.119,
      7.939,
      8.124,
      7.964,
      8.144,
      7.971,
      8.078,
      8.464,
      7.888,
      8.128,
      8.136,
      8.152,
      7.891,
      8.139,
      7.858,
      8.208,
      7.855,
      8.248,
      8.691,
      9.333,
      8.755,
      8.777,
      8.262,
      8.323,
      8.043,
      8.107,
      8.11,
      8.209,
      7.923,
      8.218,
      7.89,
      8.234,
      7.853,
      8.258,
      7.999,
      8.287,
      7.891,
      8.385,
      8.153,
      8.34,
      7.991,
      8.924,
      8.152,
      8.233,
      7.988,
      8.375,
      8.064,
      8.162,
      8.092,
      8.332,
      8.299,
      8.361,
      8.099,
      8.375,
      8.083,
      8.831,
      8.159,
      8.389,
      8.07,
      8.223,
      7.863,
      8.539,
      8.031,
      8.228,
      7.805,
      8.232,
      8.101,
      8.325,
      8.139,
      8.231,
      7.973,
      8.35,
      7.932,
      8.281,
      8.0,
      11.35,
      11.869,
      9.057,
      9.593,
      8.189,
      8.191,
      7.968,
      7.972,
      7.838,
      8.034,
      7.82,
      7.865,
      7.927,
      7.868,
      8.039,
      7.805,
      7.924,
      7.819,
      8.835,
      7.95,
      8.138,
      8.22,
      8.296,
      8.9,
      8.51,
      8.555,
      7.85,
      8.233,
      7.821,
      7.798,
      8.016,
      7.847,
      8.051,
      7.826,
      8.552,
      8.038,
      8.259,
      7.996,
      8.376,
      7.807,
      8.236,
      7.777,
      8.233,
      7.799,
      7.999,
      7.906,
      8.008,
      7.755,
      7.846,
      8.167,
      8.066,
      8.619,
      8.142,
      8.073,
      8.467,
      8.078,
      7.886,
      7.953,
      7.824,
      8.143,
      7.861,
      8.125,
      7.942,
      8.251,
      8.003,
      8.149,
      7.776,
      8.37,
      7.887,
      8.169,
      7.786,
      8.094,
      7.766,
      8.14,
      8.031,
      9.111,
      8.842,
      8.476,
      7.872,
      8.107,
      7.856,
      8.081,
      7.825,
      8.056,
      7.808,
      8.308,
      7.955,
      8.134,
      7.912,
      7.894,
      7.977,
      7.842,
      8.061,
      7.998,
      8.142,
      7.884,
      8.113,
      7.874,
      8.198,
      7.856,
      8.381,
      8.15,
      8.181,
      8.186,
      8.212,
      8.036,
      8.22,
      7.952,
      8.086,
      8.084,
      8.23,
      7.843,
      8.238,
      7.867,
      8.078,
      7.923,
      8.124,
      8.147,
      8.203,
      7.887,
      8.23,
      8.227,
      8.191,
      8.03,
      7.921,
      8.283,
      7.913,
      8.01,
      8.491,
      8.716,
      7.999,
      8.121,
      7.924,
      8.217,
      7.89,
      8.119,
      7.831,
      8.167,
      7.86,
      8.225,
      7.793,
      8.545,
      7.791,
      8.142,
      7.851,
      8.216,
      7.834,
      8.145,
      7.817,
      8.367,
      7.876,
      8.198,
      7.815,
      8.324,
      8.105,
      8.572,
      8.109,
      8.722,
      8.153,
      8.528,
      8.05,
      8.341,
      7.893,
      8.384,
      7.933,
      8.308,
      8.062,
      8.264,
      7.99,
      8.246,
      7.881,
      8.357,
      7.953,
      8.238,
      7.926,
      7.948,
      8.055,
      8.188,
      8.06,
      8.267,
      8.121,
      7.877,
      8.085,
      7.983,
      8.221,
      8.014,
      8.213,
      8.041,
      8.809,
      7.86,
      8.231,
      7.901,
      8.108,
      7.874,
      8.131,
      8.037,
      8.147,
      8.085,
      8.235,
      7.988,
      8.223,
      7.995,
      8.144,
      8.045,
      8.163,
      7.897,
      8.194,
      7.908,
      8.199,
      7.84,
      8.126,
      8.166,
      8.206,
      8.087,
      8.111,
      10.535,
      8.424,
      8.029,
      8.379,
      7.992,
      8.292,
      7.943,
      8.176,
      7.907,
      8.153,
      7.944,
      8.468,
      7.983,
      8.341,
      7.972,
      8.218,
      8.003,
      8.037,
      8.061,
      8.107,
      8.173,
      8.105,
      8.132,
      7.891,
      8.478,
      8.156,
      8.364,
      8.188,
      8.264,
      7.905,
      8.317,
      8.074,
      8.141,
      8.031,
      8.196,
      8.241,
      8.348,
      7.987,
      8.014,
      7.783,
      7.972,
      8.068,
      8.005,
      7.998,
      7.996,
      7.911,
      8.015,
      7.807,
      7.999,
      7.83,
      8.063,
      8.105,
      8.061,
      7.955,
      7.866,
      7.943,
      7.829,
      8.01,
      7.823,
      8.208,
      7.931,
      8.147,
      7.99,
      8.378,
      7.972,
      8.483,
      8.065,
      8.341,
      7.934,
      8.376,
      7.867,
      8.22,
      7.838,
      8.164,
      7.822,
      8.478,
      8.146,
      8.147,
      7.965,
      8.207,
      7.861,
      8.218,
      7.878,
      8.386,
      7.884,
      8.225,
      7.909,
      8.196,
      7.87,
      8.112,
      7.927,
      8.073,
      8.103,
      7.89,
      8.144,
      7.875,
      8.173,
      7.828,
      8.028,
      8.049,
      8.116,
      7.978,
      8.156,
      7.924,
      8.332,
      7.938,
      8.234,
      8.107,
      8.215,
      7.895,
      8.173,
      7.886,
      8.171,
      7.968,
      8.22,
      8.08,
      8.245,
      7.953,
      8.265,
      7.969,
      8.223,
      7.811,
      8.164,
      8.095,
      8.075,
      8.054
    ],