{
  "metadata": {
    "name": "protgpt2",
    "hf_path": "nferruz/ProtGPT2",
    "hf_path_attempted": [],
    "hf_path_loaded": "nferruz/ProtGPT2",
    "param_count": 774030080,
    "param_count_str": "774.0M",
    "dtype": "float16",
    "weight_memory_mb": 1476.35,
    "hidden_size": 1280,
    "num_layers": 36,
    "num_attention_heads": 20,
    "num_kv_heads": 20,
    "head_dim": 64,
    "max_position_embeddings": 1024,
    "vocab_size": 50257,
    "architecture": "GPT2LMHeadModel",
    "warnings": [
      "Config field 'num_key_value_heads' not found (tried fallbacks: ('num_kv_heads',))",
      "num_key_value_heads not found; falling back to num_attention_heads=20",
      "Applied patch: Added get_head_mask() to ProGenPreTrainedModel (removed in transformers 5.x)",
      "Applied patch: Added get_head_mask() to inner transformer model (GPT2Model)"
    ]
  },
  "primary_result": {
    "model_name": "protgpt2",
    "prompt_token_length": 32,
    "max_new_tokens": 256,
    "actual_new_tokens": 256,
    "total_seq_length": 288,
    "batch_size": 1,
    "use_cache": true,
    "method": "manual_prefill_decode",
    "prefill_time_ms": 10.258025984512642,
    "decode_time_ms": 2059.696326323319,
    "total_time_ms": 2069.95,
    "decode_tokens_per_sec": 123.8,
    "end_to_end_tokens_per_sec": 123.67,
    "per_step_decode_times_ms": [
      8.097,
      7.849,
      7.948,
      7.771,
      8.053,
      7.78,
      7.943,
      7.773,
      7.935,
      7.7,
      7.889,
      7.69,
      7.885,
      7.784,
      8.099,
      7.782,
      7.948,
      7.845,
      7.86,
      7.858,
      7.879,
      7.888,
      7.745,
      7.921,
      8.047,
      7.973,
      8.09,
      7.965,
      7.96,
      7.915,
      7.977,
      7.968,
      8.093,
      8.028,
      7.973,
      7.917,
      7.903,
      7.846,
      7.941,
      7.843,
      7.867,
      7.749,
      8.051,
      7.75,
      7.993,
      7.752,
      8.007,
      7.78,
      7.899,
      7.795,
      8.093,
      7.969,
      7.907,
      7.863,
      7.915,
      7.981,
      7.945,
      7.822,
      8.0,
      8.187,
      7.831,
      7.933,
      7.817,
      8.098,
      7.939,
      8.148,
      7.944,
      8.423,
      8.001,
      8.204,
      8.072,
      8.108,
      7.856,
      8.147,
      7.779,
      8.086,
      7.749,
      8.063,
      7.767,
      8.083,
      7.963,
      8.123,
      7.827,
      8.184,
      7.863,
      8.66,
      8.518,
      8.249,
      7.883,
      8.142,
      8.194,
      8.348,
      7.77,
      7.719,
      7.727,
      7.914,
      7.718,
      7.813,
      7.882,
      7.759,
      8.263,
      8.075,
      8.396,
      7.75,
      9.298,
      7.855,
      8.589,
      7.986,
      8.253,
      8.097,
      8.058,
      8.032,
      8.242,
      7.768,
      8.292,
      8.203,
      8.287,
      8.211,
      8.673,
      8.209,
      8.069,
      7.94,
      8.093,
      7.833,
      8.555,
      8.02,
      8.125,
      7.878,
      8.134,
      7.744,
      8.078,
      8.043,
      7.942,
      7.906,
      7.807,
      7.979,
      7.701,
      8.092,
      7.746,
      8.42,
      7.779,
      8.205,
      7.758,
      8.133,
      7.684,
      9.242,
      9.141,
      7.979,
      7.664,
      7.907,
      7.677,
      8.273,
      8.332,
      8.91,
      8.452,
      8.296,
      7.715,
      8.257,
      7.81,
      8.278,
      7.682,
      8.503,
      7.791,
      8.172,
      7.767,
      8.275,
      7.731,
      8.502,
      7.765,
      8.073,
      7.783,
      7.798,
      8.495,
      7.985,
      8.03,
      7.663,
      8.022,
      7.754,
      8.17,
      7.795,
      7.905,
      7.764,
      7.866,
      7.778,
      8.021,
      7.977,
      8.193,
      7.962,
      8.245,
      8.461,
      8.552,
      8.015,
      8.101,
      7.818,
      8.155,
      8.567,
      8.221,
      8.259,
      8.594,
      8.167,
      8.375,
      8.051,
      8.259,
      7.912,
      8.053,
      7.828,
      8.001,
      7.826,
      7.957,
      8.12,
      7.921,
      8.257,
      8.248,
      8.569,
      8.324,
      8.317,
      8.25,
      8.277,
      8.007,
      8.278,
      8.001,
      8.14,
      7.787,
      7.991,
      7.997,
      10.223,
      9.078,
      9.95,
      10.091,
      8.539,
      8.979,
      8.099,
      8.507,
      8.175,
      8.577,
      8.155,
      8.112,
      7.914,
      8.041,
      7.874,
      8.257,
      8.874,
      8.125,
      7.907,
      8.035,
      7.905,
      8.049,
      7.871,
      8.132,
      7.988,
      8.039,
      7.904,
      8.098,
      7.951,
      7.999
    ],
    "memory_after_load": {
      "allocated_mb": 1485.470703125,
      "reserved_mb": 1618.0,
      "max_allocated_mb": 1485.470703125,
      "max_reserved_mb": 1618.0
    },
    "memory_after_prefill": {
      "allocated_mb": 1494.1640625,
      "reserved_mb": 1644.0,
      "max_allocated_mb": 1494.24169921875,
      "max_reserved_mb": 1644.0
    },
    "memory_peak": {
      "allocated_mb": 1536.14111328125,
      "reserved_mb": 1712.0,
      "max_allocated_mb": 1536.8564453125,
      "max_reserved_mb": 1712.0
    },
    "theoretical_kv_cache": {
      "total_mb": 50.62,
      "per_token_mb": 0.1758,
      "as_pct_of_weights": 3.43,
      "growth_per_100_tokens_mb": 17.58,
      "seq_len_used": 288
    },
    "observed_peak_allocated_mb": 1536.86,
    "observed_peak_reserved_mb": 1712.0,
    "error": null,
    "warnings": []
  },
  "secondary_result": {
    "model_name": "protgpt2",
    "prompt_token_length": 32,
    "max_new_tokens": 256,
    "actual_new_tokens": 4,
    "total_seq_length": 36,
    "batch_size": 1,
    "use_cache": true,
    "method": "generate_api",
    "prefill_time_ms": null,
    "decode_time_ms": null,
    "total_time_ms": 36.36,
    "decode_tokens_per_sec": 0.0,
    "end_to_end_tokens_per_sec": 110.02,
    "per_step_decode_times_ms": [],
    "memory_after_load": {
      "allocated_mb": 1485.470703125,
      "reserved_mb": 1618.0,
      "max_allocated_mb": 1485.470703125,
      "max_reserved_mb": 1618.0
    },
    "memory_after_prefill": null,
    "memory_peak": {
      "allocated_mb": 1485.47119140625,
      "reserved_mb": 1624.0,
      "max_allocated_mb": 1492.8173828125,
      "max_reserved_mb": 1624.0
    },
    "theoretical_kv_cache": {
      "total_mb": 6.33,
      "per_token_mb": 0.1758,
      "as_pct_of_weights": 0.43,
      "growth_per_100_tokens_mb": 17.58,
      "seq_len_used": 36
    },
    "observed_peak_allocated_mb": 1492.82,
    "observed_peak_reserved_mb": 1624.0,
    "error": null,
    "warnings": []
  },
  "theoretical_kv_upper_bound": {
    "total_mb": 50.62,
    "total_bytes": 53084160,
    "per_token_mb": 0.1758,
    "as_pct_of_weights": 3.43,
    "growth_per_100_tokens_mb": 17.58,
    "seq_len_used": 288,
    "label": "upper_bound_at_configured_max"
  }
}