{
  "metadata": {
    "name": "protgpt2",
    "hf_path": "nferruz/ProtGPT2",
    "hf_path_attempted": [],
    "hf_path_loaded": "nferruz/ProtGPT2",
    "param_count": 774030080,
    "param_count_str": "774.0M",
    "dtype": "float16",
    "weight_memory_mb": 1476.35,
    "hidden_size": 1280,
    "num_layers": 36,
    "num_attention_heads": 20,
    "num_kv_heads": 20,
    "head_dim": 64,
    "max_position_embeddings": 1024,
    "vocab_size": 50257,
    "architecture": "GPT2LMHeadModel",
    "warnings": [
      "Config field 'num_key_value_heads' not found (tried fallbacks: ('num_kv_heads',))",
      "num_key_value_heads not found; falling back to num_attention_heads=20",
      "Applied patch: Added get_head_mask() to ProGenPreTrainedModel (removed in transformers 5.x)",
      "Applied patch: Added get_head_mask() to inner transformer model (GPT2Model)"
    ]
  },
  "primary_result": {
    "model_name": "protgpt2",
    "prompt_token_length": 16,
    "max_new_tokens": 128,
    "actual_new_tokens": 128,
    "total_seq_length": 144,
    "batch_size": 1,
    "use_cache": true,
    "method": "manual_prefill_decode",
    "prefill_time_ms": 9.899174998281524,
    "decode_time_ms": 995.6984649179503,
    "total_time_ms": 1005.6,
    "decode_tokens_per_sec": 127.55,
    "end_to_end_tokens_per_sec": 127.29,
    "per_step_decode_times_ms": [
      7.951,
      7.836,
      7.954,
      7.784,
      7.773,
      7.813,
      7.785,
      7.801,
      7.818,
      7.84,
      7.801,
      8.036,
      7.836,
      7.832,
      7.849,
      7.856,
      7.795,
      7.807,
      7.846,
      7.776,
      7.803,
      7.948,
      7.862,
      7.853,
      7.882,
      7.97,
      7.789,
      8.295,
      7.781,
      7.893,
      7.924,
      7.824,
      7.748,
      7.716,
      7.749,
      7.734,
      7.82,
      7.819,
      8.205,
      8.199,
      7.928,
      7.801,
      7.734,
      7.77,
      7.782,
      7.768,
      8.198,
      7.834,
      7.954,
      7.826,
      7.743,
      7.857,
      7.751,
      7.741,
      7.771,
      7.78,
      7.753,
      7.753,
      7.987,
      7.78,
      7.697,
      7.689,
      7.784,
      8.015,
      7.991,
      7.979,
      8.034,
      7.918,
      7.754,
      7.892,
      7.775,
      7.952,
      7.801,
      7.749,
      7.765,
      8.051,
      7.738,
      7.814,
      7.719,
      7.754,
      7.73,
      7.726,
      7.81,
      7.773,
      7.794,
      7.796,
      7.921,
      7.756,
      7.81,
      7.812,
      7.75,
      7.828,
      7.84,
      7.758,
      7.766,
      7.738,
      7.807,
      7.793,
      7.819,
      7.779,
      7.813,
      8.085,
      7.791,
      7.763,
      7.836,
      7.766,
      8.001,
      7.807,
      7.921,
      7.735,
      7.872,
      7.768,
      7.819,
      7.83,
      7.786,
      7.878,
      7.782,
      7.858,
      7.839,
      8.028,
      7.911,
      7.992,
      7.725,
      7.815,
      7.742,
      8.03,
      7.712
    ],
    "memory_after_load": {
      "allocated_mb": 1485.470703125,
      "reserved_mb": 1618.0,
      "max_allocated_mb": 1485.470703125,
      "max_reserved_mb": 1618.0
    },
    "memory_after_prefill": {
      "allocated_mb": 1490.15869140625,
      "reserved_mb": 1620.0,
      "max_allocated_mb": 1490.197265625,
      "max_reserved_mb": 1620.0
    },
    "memory_peak": {
      "allocated_mb": 1510.76611328125,
      "reserved_mb": 1650.0,
      "max_allocated_mb": 1511.1298828125,
      "max_reserved_mb": 1650.0
    },
    "theoretical_kv_cache": {
      "total_mb": 25.31,
      "per_token_mb": 0.1758,
      "as_pct_of_weights": 1.71,
      "growth_per_100_tokens_mb": 17.58,
      "seq_len_used": 144
    },
    "observed_peak_allocated_mb": 1511.13,
    "observed_peak_reserved_mb": 1650.0,
    "error": null,
    "warnings": []
  },
  "secondary_result": {
    "model_name": "protgpt2",
    "prompt_token_length": 16,
    "max_new_tokens": 128,
    "actual_new_tokens": 11,
    "total_seq_length": 27,
    "batch_size": 1,
    "use_cache": true,
    "method": "generate_api",
    "prefill_time_ms": null,
    "decode_time_ms": null,
    "total_time_ms": 90.63,
    "decode_tokens_per_sec": 0.0,
    "end_to_end_tokens_per_sec": 121.37,
    "per_step_decode_times_ms": [],
    "memory_after_load": {
      "allocated_mb": 1485.470703125,
      "reserved_mb": 1618.0,
      "max_allocated_mb": 1485.470703125,
      "max_reserved_mb": 1618.0
    },
    "memory_after_prefill": null,
    "memory_peak": {
      "allocated_mb": 1485.47119140625,
      "reserved_mb": 1622.0,
      "max_allocated_mb": 1490.52734375,
      "max_reserved_mb": 1622.0
    },
    "theoretical_kv_cache": {
      "total_mb": 4.75,
      "per_token_mb": 0.1758,
      "as_pct_of_weights": 0.32,
      "growth_per_100_tokens_mb": 17.58,
      "seq_len_used": 27
    },
    "observed_peak_allocated_mb": 1490.53,
    "observed_peak_reserved_mb": 1622.0,
    "error": null,
    "warnings": []
  },
  "theoretical_kv_upper_bound": {
    "total_mb": 25.31,
    "total_bytes": 26542080,
    "per_token_mb": 0.1758,
    "as_pct_of_weights": 1.71,
    "growth_per_100_tokens_mb": 17.58,
    "seq_len_used": 144,
    "label": "upper_bound_at_configured_max"
  }
}