{
  "metadata": {
    "name": "protgpt2",
    "hf_path": "nferruz/ProtGPT2",
    "hf_path_attempted": [],
    "hf_path_loaded": "nferruz/ProtGPT2",
    "param_count": 774030080,
    "param_count_str": "774.0M",
    "dtype": "float16",
    "weight_memory_mb": 1476.35,
    "hidden_size": 1280,
    "num_layers": 36,
    "num_attention_heads": 20,
    "num_kv_heads": 20,
    "head_dim": 64,
    "max_position_embeddings": 1024,
    "vocab_size": 50257,
    "architecture": "GPT2LMHeadModel",
    "warnings": [
      "Config field 'num_key_value_heads' not found (tried fallbacks: ('num_kv_heads',))",
      "num_key_value_heads not found; falling back to num_attention_heads=20",
      "Applied patch: Added get_head_mask() to ProGenPreTrainedModel (removed in transformers 5.x)",
      "Applied patch: Added get_head_mask() to inner transformer model (GPT2Model)"
    ]
  },
  "primary_result": {
    "model_name": "protgpt2",
    "prompt_token_length": 128,
    "max_new_tokens": 256,
    "actual_new_tokens": 256,
    "total_seq_length": 384,
    "batch_size": 1,
    "use_cache": true,
    "method": "manual_prefill_decode",
    "prefill_time_ms": 11.369051004294306,
    "decode_time_ms": 2045.7443229388446,
    "total_time_ms": 2057.11,
    "decode_tokens_per_sec": 124.65,
    "end_to_end_tokens_per_sec": 124.45,
    "per_step_decode_times_ms": [
      8.193,
      8.03,
      7.823,
      7.872,
      7.782,
      7.819,
      7.802,
      7.851,
      7.843,
      7.827,
      7.787,
      7.821,
      7.784,
      7.805,
      7.785,
      7.809,
      7.869,
      7.784,
      7.751,
      7.781,
      7.862,
      7.732,
      7.789,
      7.723,
      7.879,
      7.811,
      8.132,
      7.781,
      7.923,
      7.809,
      7.952,
      7.806,
      7.867,
      7.824,
      7.87,
      8.193,
      7.852,
      7.925,
      8.011,
      8.127,
      8.221,
      8.309,
      7.902,
      8.439,
      8.675,
      8.243,
      7.776,
      7.737,
      7.707,
      7.909,
      7.782,
      7.799,
      8.87,
      8.902,
      7.824,
      7.974,
      7.937,
      8.455,
      8.027,
      7.964,
      8.344,
      9.147,
      8.55,
      7.95,
      8.143,
      8.617,
      7.762,
      8.766,
      7.748,
      8.114,
      7.968,
      7.998,
      7.916,
      8.342,
      7.988,
      7.997,
      8.283,
      8.314,
      7.857,
      7.838,
      7.815,
      7.841,
      7.92,
      7.728,
      7.806,
      7.846,
      7.892,
      7.739,
      7.938,
      7.907,
      7.923,
      7.736,
      7.876,
      7.819,
      7.863,
      7.7,
      7.766,
      7.935,
      7.761,
      7.824,
      7.808,
      7.893,
      7.686,
      8.678,
      7.734,
      8.874,
      7.727,
      8.852,
      7.844,
      8.117,
      7.856,
      8.009,
      7.873,
      8.027,
      7.877,
      7.902,
      7.779,
      7.963,
      7.766,
      7.842,
      7.745,
      8.103,
      7.842,
      7.857,
      7.9,
      7.8,
      8.029,
      7.734,
      8.303,
      7.826,
      8.236,
      7.964,
      7.97,
      7.931,
      8.195,
      8.082,
      8.207,
      7.977,
      8.066,
      7.896,
      7.889,
      7.877,
      8.081,
      8.072,
      8.047,
      8.893,
      8.107,
      7.909,
      8.09,
      7.884,
      8.133,
      7.932,
      7.935,
      7.834,
      7.995,
      7.945,
      7.893,
      7.979,
      7.905,
      8.01,
      8.009,
      7.98,
      8.098,
      8.07,
      8.169,
      8.031,
      8.621,
      8.063,
      8.827,
      8.006,
      7.986,
      7.883,
      8.013,
      7.983,
      7.875,
      8.017,
      7.935,
      7.86,
      7.862,
      7.868,
      7.992,
      7.892,
      7.845,
      7.849,
      7.935,
      7.987,
      8.163,
      8.046,
      8.202,
      8.107,
      7.924,
      7.918,
      8.218,
      7.842,
      7.969,
      7.846,
      7.961,
      7.914,
      7.971,
      7.879,
      7.866,
      7.887,
      7.904,
      8.123,
      8.101,
      8.015,
      8.054,
      7.922,
      7.822,
      7.905,
      8.008,
      7.975,
      7.947,
      7.977,
      7.982,
      7.965,
      7.88,
      8.148,
      8.048,
      9.053,
      8.027,
      8.181,
      8.341,
      8.856,
      8.483,
      8.176,
      8.039,
      8.098,
      7.949,
      8.261,
      7.959,
      8.285,
      7.958,
      8.111,
      7.889,
      8.347,
      8.051,
      8.594,
      8.08,
      8.506,
      8.597,
      8.541,
      8.395,
      8.161,
      8.055,
      8.086,
      7.912,
      8.401,
      8.053,
      8.202,
      7.987,
      8.134,
      8.029,
      8.208,
      7.994
    ],
    "memory_after_load": {
      "allocated_mb": 1485.47119140625,
      "reserved_mb": 1618.0,
      "max_allocated_mb": 1485.47119140625,
      "max_reserved_mb": 1618.0
    },
    "memory_after_prefill": {
      "allocated_mb": 1520.24169921875,
      "reserved_mb": 1658.0,
      "max_allocated_mb": 1520.5537109375,
      "max_reserved_mb": 1658.0
    },
    "memory_peak": {
      "allocated_mb": 1553.0166015625,
      "reserved_mb": 1710.0,
      "max_allocated_mb": 1553.96630859375,
      "max_reserved_mb": 1710.0
    },
    "theoretical_kv_cache": {
      "total_mb": 67.5,
      "per_token_mb": 0.1758,
      "as_pct_of_weights": 4.57,
      "growth_per_100_tokens_mb": 17.58,
      "seq_len_used": 384
    },
    "observed_peak_allocated_mb": 1553.97,
    "observed_peak_reserved_mb": 1710.0,
    "error": null,
    "warnings": []
  },
  "secondary_result": {
    "model_name": "protgpt2",
    "prompt_token_length": 128,
    "max_new_tokens": 256,
    "actual_new_tokens": 5,
    "total_seq_length": 133,
    "batch_size": 1,
    "use_cache": true,
    "method": "generate_api",
    "prefill_time_ms": null,
    "decode_time_ms": null,
    "total_time_ms": 45.08,
    "decode_tokens_per_sec": 0.0,
    "end_to_end_tokens_per_sec": 110.91,
    "per_step_decode_times_ms": [],
    "memory_after_load": {
      "allocated_mb": 1485.47119140625,
      "reserved_mb": 1618.0,
      "max_allocated_mb": 1485.47119140625,
      "max_reserved_mb": 1618.0
    },
    "memory_after_prefill": null,
    "memory_peak": {
      "allocated_mb": 1485.47265625,
      "reserved_mb": 1646.0,
      "max_allocated_mb": 1514.8505859375,
      "max_reserved_mb": 1646.0
    },
    "theoretical_kv_cache": {
      "total_mb": 23.38,
      "per_token_mb": 0.1758,
      "as_pct_of_weights": 1.58,
      "growth_per_100_tokens_mb": 17.58,
      "seq_len_used": 133
    },
    "observed_peak_allocated_mb": 1514.85,
    "observed_peak_reserved_mb": 1646.0,
    "error": null,
    "warnings": []
  },
  "theoretical_kv_upper_bound": {
    "total_mb": 67.5,
    "total_bytes": 70778880,
    "per_token_mb": 0.1758,
    "as_pct_of_weights": 4.57,
    "growth_per_100_tokens_mb": 17.58,
    "seq_len_used": 384,
    "label": "upper_bound_at_configured_max"
  }
}