{
  "metadata": {
    "name": "protgpt2",
    "hf_path": "nferruz/ProtGPT2",
    "hf_path_attempted": [],
    "hf_path_loaded": "nferruz/ProtGPT2",
    "param_count": 774030080,
    "param_count_str": "774.0M",
    "dtype": "float16",
    "weight_memory_mb": 1476.35,
    "hidden_size": 1280,
    "num_layers": 36,
    "num_attention_heads": 20,
    "num_kv_heads": 20,
    "head_dim": 64,
    "max_position_embeddings": 1024,
    "vocab_size": 50257,
    "architecture": "GPT2LMHeadModel",
    "warnings": [
      "Config field 'num_key_value_heads' not found (tried fallbacks: ('num_kv_heads',))",
      "num_key_value_heads not found; falling back to num_attention_heads=20",
      "Applied patch: Added get_head_mask() to ProGenPreTrainedModel (removed in transformers 5.x)",
      "Applied patch: Added get_head_mask() to inner transformer model (GPT2Model)"
    ]
  },
  "primary_result": {
    "model_name": "protgpt2",
    "prompt_token_length": 32,
    "max_new_tokens": 128,
    "actual_new_tokens": 128,
    "total_seq_length": 160,
    "batch_size": 1,
    "use_cache": true,
    "method": "manual_prefill_decode",
    "prefill_time_ms": 10.4016870027408,
    "decode_time_ms": 1012.3947279644199,
    "total_time_ms": 1022.8,
    "decode_tokens_per_sec": 125.45,
    "end_to_end_tokens_per_sec": 125.15,
    "per_step_decode_times_ms": [
      8.149,
      7.865,
      7.844,
      8.011,
      8.211,
      7.947,
      7.901,
      7.937,
      7.787,
      7.961,
      7.76,
      7.856,
      7.732,
      7.912,
      7.95,
      7.991,
      7.773,
      7.976,
      7.78,
      7.854,
      7.768,
      7.988,
      7.744,
      7.927,
      8.02,
      7.811,
      7.822,
      7.844,
      8.043,
      7.895,
      8.139,
      7.962,
      8.466,
      8.037,
      8.173,
      7.843,
      8.045,
      7.928,
      8.164,
      7.966,
      8.116,
      7.965,
      8.313,
      7.856,
      8.049,
      7.812,
      8.02,
      7.867,
      8.041,
      7.91,
      8.189,
      7.833,
      7.89,
      8.024,
      7.977,
      7.97,
      7.874,
      8.003,
      7.798,
      8.175,
      7.782,
      8.178,
      7.777,
      8.169,
      7.753,
      8.239,
      7.831,
      8.242,
      7.747,
      8.201,
      7.911,
      8.145,
      7.797,
      8.171,
      7.77,
      8.158,
      7.724,
      7.909,
      7.842,
      7.773,
      8.337,
      7.727,
      8.1,
      7.742,
      8.191,
      7.906,
      8.13,
      7.824,
      8.174,
      7.726,
      8.168,
      7.709,
      8.325,
      7.841,
      7.751,
      8.149,
      8.836,
      7.712,
      8.243,
      7.761,
      8.102,
      7.713,
      8.119,
      7.775,
      8.245,
      7.799,
      7.775,
      8.041,
      7.746,
      8.094,
      7.739,
      8.188,
      7.777,
      8.174,
      7.777,
      8.82,
      7.824,
      8.177,
      7.737,
      8.364,
      7.754,
      8.213,
      7.708,
      8.155,
      7.768,
      8.162,
      7.716
    ],
    "memory_after_load": {
      "allocated_mb": 1485.470703125,
      "reserved_mb": 1618.0,
      "max_allocated_mb": 1485.470703125,
      "max_reserved_mb": 1618.0
    },
    "memory_after_prefill": {
      "allocated_mb": 1494.1640625,
      "reserved_mb": 1644.0,
      "max_allocated_mb": 1494.24169921875,
      "max_reserved_mb": 1644.0
    },
    "memory_peak": {
      "allocated_mb": 1513.57861328125,
      "reserved_mb": 1668.0,
      "max_allocated_mb": 1513.9814453125,
      "max_reserved_mb": 1668.0
    },
    "theoretical_kv_cache": {
      "total_mb": 28.12,
      "per_token_mb": 0.1758,
      "as_pct_of_weights": 1.91,
      "growth_per_100_tokens_mb": 17.58,
      "seq_len_used": 160
    },
    "observed_peak_allocated_mb": 1513.98,
    "observed_peak_reserved_mb": 1668.0,
    "error": null,
    "warnings": []
  },
  "secondary_result": {
    "model_name": "protgpt2",
    "prompt_token_length": 32,
    "max_new_tokens": 128,
    "actual_new_tokens": 4,
    "total_seq_length": 36,
    "batch_size": 1,
    "use_cache": true,
    "method": "generate_api",
    "prefill_time_ms": null,
    "decode_time_ms": null,
    "total_time_ms": 36.38,
    "decode_tokens_per_sec": 0.0,
    "end_to_end_tokens_per_sec": 109.95,
    "per_step_decode_times_ms": [],
    "memory_after_load": {
      "allocated_mb": 1485.470703125,
      "reserved_mb": 1618.0,
      "max_allocated_mb": 1485.470703125,
      "max_reserved_mb": 1618.0
    },
    "memory_after_prefill": null,
    "memory_peak": {
      "allocated_mb": 1485.47119140625,
      "reserved_mb": 1624.0,
      "max_allocated_mb": 1492.8173828125,
      "max_reserved_mb": 1624.0
    },
    "theoretical_kv_cache": {
      "total_mb": 6.33,
      "per_token_mb": 0.1758,
      "as_pct_of_weights": 0.43,
      "growth_per_100_tokens_mb": 17.58,
      "seq_len_used": 36
    },
    "observed_peak_allocated_mb": 1492.82,
    "observed_peak_reserved_mb": 1624.0,
    "error": null,
    "warnings": []
  },
  "theoretical_kv_upper_bound": {
    "total_mb": 28.12,
    "total_bytes": 29491200,
    "per_token_mb": 0.1758,
    "as_pct_of_weights": 1.91,
    "growth_per_100_tokens_mb": 17.58,
    "seq_len_used": 160,
    "label": "upper_bound_at_configured_max"
  }
}