{
  "metadata": {
    "name": "protgpt2",
    "hf_path": "nferruz/ProtGPT2",
    "hf_path_attempted": [],
    "hf_path_loaded": "nferruz/ProtGPT2",
    "param_count": 774030080,
    "param_count_str": "774.0M",
    "dtype": "float16",
    "weight_memory_mb": 1476.35,
    "hidden_size": 1280,
    "num_layers": 36,
    "num_attention_heads": 20,
    "num_kv_heads": 20,
    "head_dim": 64,
    "max_position_embeddings": 1024,
    "vocab_size": 50257,
    "architecture": "GPT2LMHeadModel",
    "warnings": [
      "Config field 'num_key_value_heads' not found (tried fallbacks: ('num_kv_heads',))",
      "num_key_value_heads not found; falling back to num_attention_heads=20",
      "Applied patch: Added get_head_mask() to ProGenPreTrainedModel (removed in transformers 5.x)",
      "Applied patch: Added get_head_mask() to inner transformer model (GPT2Model)"
    ]
  },
  "primary_result": {
    "model_name": "protgpt2",
    "prompt_token_length": 32,
    "max_new_tokens": 512,
    "actual_new_tokens": 512,
    "total_seq_length": 544,
    "batch_size": 1,
    "use_cache": true,
    "method": "manual_prefill_decode",
    "prefill_time_ms": 10.58134698541835,
    "decode_time_ms": 4100.840390776284,
    "total_time_ms": 4111.42,
    "decode_tokens_per_sec": 124.61,
    "end_to_end_tokens_per_sec": 124.53,
    "per_step_decode_times_ms": [
      8.019,
      8.129,
      7.774,
      8.067,
      7.974,
      8.085,
      7.768,
      8.041,
      7.778,
      7.846,
      7.744,
      7.95,
      7.738,
      7.988,
      7.936,
      7.909,
      7.816,
      7.941,
      7.758,
      7.793,
      7.875,
      7.798,
      7.845,
      7.787,
      8.153,
      7.783,
      7.906,
      7.755,
      8.128,
      7.802,
      8.038,
      7.855,
      8.531,
      7.923,
      8.08,
      7.777,
      8.179,
      7.77,
      8.25,
      7.807,
      8.048,
      7.93,
      8.379,
      7.878,
      8.022,
      8.048,
      7.803,
      7.867,
      7.83,
      7.94,
      7.933,
      7.945,
      7.78,
      7.951,
      7.742,
      8.026,
      7.831,
      8.032,
      7.787,
      8.216,
      7.754,
      7.992,
      7.763,
      8.699,
      9.197,
      8.022,
      8.564,
      8.372,
      8.055,
      8.199,
      8.114,
      8.25,
      7.974,
      8.179,
      7.901,
      8.165,
      7.93,
      8.051,
      7.912,
      7.935,
      8.101,
      7.784,
      7.959,
      7.971,
      8.107,
      8.026,
      7.936,
      7.906,
      8.034,
      7.702,
      7.84,
      8.832,
      8.352,
      7.949,
      8.121,
      8.047,
      8.223,
      7.739,
      8.263,
      7.853,
      8.271,
      7.715,
      8.188,
      7.769,
      8.751,
      7.758,
      8.759,
      7.741,
      8.172,
      7.697,
      8.131,
      7.827,
      7.737,
      8.004,
      7.677,
      7.904,
      7.774,
      7.935,
      7.807,
      7.994,
      7.799,
      8.006,
      7.815,
      8.045,
      7.83,
      8.005,
      7.816,
      8.165,
      7.785,
      7.951,
      7.793,
      8.454,
      8.021,
      7.89,
      7.875,
      7.843,
      7.905,
      7.793,
      7.919,
      7.898,
      8.024,
      8.046,
      7.909,
      8.095,
      8.037,
      8.005,
      7.991,
      7.767,
      7.88,
      7.827,
      7.965,
      7.803,
      7.984,
      7.798,
      7.99,
      8.013,
      7.846,
      7.858,
      7.859,
      7.959,
      7.938,
      7.937,
      7.913,
      7.883,
      8.028,
      7.982,
      7.824,
      7.989,
      7.789,
      7.977,
      7.846,
      8.002,
      8.351,
      8.148,
      7.832,
      8.022,
      7.822,
      7.834,
      7.862,
      7.887,
      7.957,
      7.907,
      7.989,
      7.912,
      7.987,
      7.821,
      8.009,
      7.883,
      8.181,
      8.06,
      8.213,
      8.034,
      8.19,
      8.221,
      8.014,
      7.998,
      8.002,
      8.096,
      8.025,
      8.016,
      7.985,
      7.953,
      8.015,
      7.844,
      8.001,
      7.88,
      7.804,
      7.982,
      7.874,
      7.913,
      7.781,
      7.975,
      7.779,
      7.96,
      7.783,
      7.941,
      8.071,
      7.915,
      7.892,
      7.91,
      7.753,
      8.052,
      7.857,
      7.997,
      7.988,
      8.095,
      7.937,
      7.987,
      7.938,
      7.957,
      8.033,
      7.924,
      8.046,
      7.893,
      8.069,
      7.909,
      8.132,
      7.953,
      8.391,
      8.019,
      8.506,
      8.926,
      8.201,
      7.916,
      8.27,
      8.111,
      8.418,
      8.061,
      8.392,
      8.011,
      8.32,
      7.919,
      8.178,
      7.977,
      8.326,
      7.994,
      8.234,
      7.954,
      8.237,
      7.951,
      8.284,
      7.984,
      8.24,
      7.95,
      8.152,
      8.085,
      8.041,
      8.052,
      8.019,
      8.207,
      8.069,
      7.959,
      8.247,
      8.009,
      8.151,
      7.98,
      7.95,
      8.135,
      8.013,
      8.152,
      7.928,
      8.159,
      7.886,
      8.207,
      7.877,
      8.381,
      7.884,
      8.199,
      7.901,
      8.115,
      7.863,
      8.157,
      7.91,
      8.333,
      8.077,
      8.362,
      7.987,
      8.346,
      8.101,
      8.241,
      7.913,
      8.252,
      7.999,
      8.239,
      7.838,
      8.217,
      7.917,
      8.209,
      7.855,
      8.302,
      7.923,
      8.073,
      8.106,
      8.103,
      8.234,
      8.078,
      8.298,
      8.02,
      8.199,
      8.044,
      8.339,
      8.032,
      8.514,
      7.988,
      8.263,
      7.861,
      8.214,
      7.87,
      8.216,
      7.84,
      8.189,
      8.019,
      9.21,
      8.178,
      8.269,
      8.029,
      8.153,
      8.13,
      8.121,
      8.196,
      8.224,
      7.941,
      8.088,
      7.909,
      8.1,
      7.945,
      8.119,
      7.948,
      8.067,
      7.933,
      8.09,
      7.922,
      8.156,
      7.899,
      8.125,
      8.17,
      8.094,
      8.126,
      8.329,
      7.927,
      8.16,
      7.968,
      7.981,
      8.059,
      7.903,
      8.023,
      7.898,
      8.118,
      7.936,
      8.114,
      7.961,
      8.147,
      8.143,
      8.163,
      7.967,
      8.336,
      7.925,
      8.177,
      7.911,
      8.082,
      7.906,
      8.05,
      7.962,
      8.189,
      7.916,
      8.128,
      7.88,
      8.142,
      8.07,
      8.094,
      8.027,
      7.978,
      8.064,
      7.922,
      7.966,
      7.898,
      8.066,
      7.878,
      8.044,
      7.817,
      8.047,
      7.851,
      8.087,
      7.89,
      8.065,
      7.855,
      8.071,
      8.107,
      8.279,
      8.139,
      8.275,
      8.287,
      8.233,
      7.925,
      8.271,
      7.894,
      8.316,
      7.864,
      8.183,
      7.943,
      8.093,
      7.924,
      7.989,
      7.866,
      7.913,
      7.977,
      7.879,
      8.057,
      7.918,
      8.07,
      7.928,
      8.132,
      7.844,
      8.13,
      7.921,
      8.235,
      8.157,
      8.25,
      8.09,
      8.168,
      8.171,
      8.151,
      8.005,
      8.125,
      8.544,
      8.191,
      8.019,
      8.364,
      7.962,
      8.156,
      7.84,
      8.09,
      7.878,
      8.069,
      7.849,
      7.996,
      7.809,
      7.892,
      7.884,
      7.901,
      8.074,
      7.825,
      8.217,
      7.917,
      8.157,
      7.836,
      8.024,
      7.859,
      8.095,
      7.835,
      8.242,
      8.051,
      8.233,
      7.847,
      8.055,
      7.812,
      8.041,
      7.946,
      8.043,
      7.88,
      8.068,
      8.162,
      8.043,
      7.824,
      7.851,
      7.984,
      7.766,
      7.964,
      7.825,
      8.12,
      7.792,
      8.006,
      7.796,
      8.021,
      7.829,
      8.08,
      7.84,
      8.268,
      8.007,
      8.215,
      7.931,
      8.077,
      7.83,
      8.068,
      7.856,
      8.349,
      7.91,
      8.117,
      7.989,
      8.801,
      8.115
    ],