{
  "metadata": {
    "name": "protgpt2",
    "hf_path": "nferruz/ProtGPT2",
    "hf_path_attempted": [],
    "hf_path_loaded": "nferruz/ProtGPT2",
    "param_count": 774030080,
    "param_count_str": "774.0M",
    "dtype": "float16",
    "weight_memory_mb": 1476.35,
    "hidden_size": 1280,
    "num_layers": 36,
    "num_attention_heads": 20,
    "num_kv_heads": 20,
    "head_dim": 64,
    "max_position_embeddings": 1024,
    "vocab_size": 50257,
    "architecture": "GPT2LMHeadModel",
    "warnings": [
      "Config field 'num_key_value_heads' not found (tried fallbacks: ('num_kv_heads',))",
      "num_key_value_heads not found; falling back to num_attention_heads=20",
      "Applied patch: Added get_head_mask() to ProGenPreTrainedModel (removed in transformers 5.x)",
      "Applied patch: Added get_head_mask() to inner transformer model (GPT2Model)"
    ]
  },
  "primary_result": {
    "model_name": "protgpt2",
    "prompt_token_length": 256,
    "max_new_tokens": 512,
    "actual_new_tokens": 512,
    "total_seq_length": 768,
    "batch_size": 1,
    "use_cache": true,
    "method": "manual_prefill_decode",
    "prefill_time_ms": 13.366820989176631,
    "decode_time_ms": 4106.553717807401,
    "total_time_ms": 4119.92,
    "decode_tokens_per_sec": 124.44,
    "end_to_end_tokens_per_sec": 124.27,
    "per_step_decode_times_ms": [
      8.46,
      8.196,
      8.191,
      8.039,
      8.162,
      7.986,
      8.368,
      8.061,
      8.421,
      8.135,
      8.843,
      8.306,
      8.596,
      8.222,
      8.549,
      8.16,
      8.355,
      9.179,
      8.185,
      8.068,
      8.285,
      7.99,
      8.141,
      7.892,
      8.176,
      7.867,
      8.066,
      7.874,
      8.289,
      8.64,
      8.371,
      7.99,
      8.125,
      7.9,
      8.064,
      8.034,
      8.087,
      8.002,
      8.205,
      8.024,
      8.004,
      8.043,
      7.935,
      8.18,
      8.511,
      8.087,
      8.632,
      8.1,
      7.867,
      8.215,
      7.893,
      8.192,
      7.888,
      8.322,
      7.914,
      8.203,
      7.865,
      8.163,
      7.87,
      8.278,
      7.951,
      8.442,
      7.959,
      8.776,
      7.867,
      8.299,
      7.908,
      8.275,
      7.886,
      8.215,
      7.912,
      8.27,
      7.923,
      8.262,
      7.889,
      8.594,
      7.991,
      8.299,
      7.952,
      8.217,
      7.894,
      8.354,
      8.183,
      8.182,
      7.857,
      7.99,
      7.983,
      7.912,
      8.403,
      7.96,
      8.113,
      7.822,
      8.213,
      7.926,
      8.245,
      7.897,
      8.269,
      7.975,
      8.568,
      8.083,
      8.644,
      8.075,
      8.315,
      7.893,
      8.29,
      8.042,
      8.337,
      7.934,
      8.299,
      8.01,
      8.227,
      7.88,
      8.57,
      7.87,
      9.084,
      7.934,
      8.354,
      8.08,
      8.052,
      7.872,
      8.095,
      8.0,
      8.024,
      8.025,
      8.205,
      8.111,
      7.992,
      7.955,
      8.312,
      8.076,
      8.341,
      8.139,
      8.404,
      9.25,
      8.309,
      7.998,
      8.142,
      8.363,
      8.141,
      7.868,
      7.972,
      7.952,
      7.885,
      8.057,
      7.917,
      8.059,
      8.042,
      8.141,
      7.954,
      8.138,
      8.262,
      8.357,
      7.915,
      8.081,
      7.869,
      8.046,
      8.074,
      7.994,
      7.759,
      8.11,
      7.86,
      8.118,
      8.198,
      8.07,
      8.126,
      8.087,
      7.818,
      8.025,
      7.853,
      7.961,
      7.879,
      7.853,
      7.955,
      7.858,
      8.02,
      8.04,
      8.083,
      8.038,
      8.124,
      7.934,
      8.039,
      7.884,
      8.128,
      7.877,
      7.997,
      7.843,
      8.19,
      8.126,
      8.101,
      8.019,
      8.136,
      8.003,
      8.057,
      7.837,
      8.09,
      7.914,
      8.099,
      7.826,
      7.819,
      7.936,
      7.966,
      8.082,
      7.761,
      8.119,
      7.834,
      8.191,
      8.087,
      8.267,
      7.906,
      8.076,
      7.887,
      8.316,
      8.054,
      8.055,
      7.97,
      8.159,
      7.865,
      7.998,
      7.948,
      8.093,
      7.863,
      8.059,
      7.868,
      7.841,
      7.859,
      8.114,
      7.928,
      7.93,
      7.893,
      7.893,
      8.023,
      7.859,
      7.897,
      7.864,
      7.92,
      7.901,
      7.909,
      8.012,
      7.977,
      7.934,
      7.916,
      7.811,
      7.824,
      7.924,
      8.072,
      7.923,
      7.967,
      7.852,
      7.89,
      7.857,
      7.83,
      7.829,
      8.082,
      8.087,
      8.076,
      8.088,
      7.927,
      8.484,
      8.03,
      7.949,
      7.964,
      7.882,
      7.89,
      7.982,
      7.882,
      7.921,
      7.832,
      7.997,
      8.032,
      8.038,
      7.85,
      7.962,
      7.88,
      7.911,
      7.973,
      7.87,
      7.993,
      7.918,
      7.941,
      7.91,
      7.94,
      7.846,
      7.901,
      7.915,
      7.993,
      7.904,
      7.867,
      8.049,
      8.048,
      7.949,
      7.895,
      7.94,
      7.997,
      7.986,
      7.952,
      7.881,
      7.929,
      7.988,
      7.921,
      7.927,
      8.037,
      8.073,
      7.916,
      7.914,
      7.851,
      7.843,
      7.872,
      8.024,
      8.097,
      8.101,
      7.919,
      7.953,
      7.886,
      8.002,
      7.894,
      7.966,
      7.897,
      7.956,
      7.975,
      7.957,
      7.89,
      7.871,
      7.868,
      7.925,
      7.952,
      7.966,
      8.038,
      8.016,
      8.124,
      7.978,
      8.065,
      7.949,
      8.02,
      7.989,
      7.994,
      7.952,
      7.99,
      7.951,
      8.018,
      8.03,
      7.984,
      8.721,
      7.892,
      7.905,
      7.927,
      7.839,
      7.961,
      7.894,
      7.849,
      7.943,
      7.899,
      7.977,
      7.974,
      8.032,
      7.895,
      7.898,
      7.961,
      8.113,
      8.668,
      8.089,
      7.927,
      8.197,
      7.879,
      8.254,
      7.923,
      8.15,
      7.884,
      8.067,
      7.876,
      8.097,
      7.87,
      8.079,
      7.895,
      8.088,
      7.9,
      8.126,
      7.97,
      8.193,
      8.323,
      8.278,
      8.282,
      8.432,
      8.466,
      8.365,
      8.046,
      8.179,
      7.977,
      8.038,
      8.061,
      7.935,
      8.03,
      7.934,
      8.249,
      7.826,
      8.047,
      7.933,
      8.125,
      7.857,
      7.982,
      7.905,
      7.983,
      8.094,
      8.214,
      8.091,
      8.308,
      8.0,
      8.135,
      7.999,
      8.131,
      8.006,
      8.317,
      8.023,
      7.886,
      7.887,
      7.897,
      7.889,
      8.071,
      7.9,
      7.891,
      7.931,
      7.876,
      7.908,
      7.861,
      8.012,
      7.874,
      7.98,
      8.123,
      7.882,
      7.915,
      7.864,
      7.867,
      7.885,
      7.869,
      7.897,
      7.856,
      7.922,
      7.898,
      7.964,
      7.916,
      7.879,
      8.044,
      8.07,
      7.969,
      8.02,
      8.016,
      7.898,
      7.924,
      7.821,
      7.911,
      7.87,
      7.946,
      7.868,
      7.968,
      7.86,
      8.188,
      7.85,
      8.179,
      7.85,
      8.07,
      7.855,
      7.965,
      7.884,
      7.942,
      7.941,
      7.858,
      8.029,
      7.943,
      8.011,
      7.895,
      8.004,
      7.905,
      7.973,
      8.106,
      7.989,
      8.016,
      7.961,
      8.054,
      8.056,
      7.843,
      7.888,
      7.978,
      7.963,
      7.992,
      7.982,
      7.814,
      8.052,
      7.875,
      7.833,
      7.901,
      7.895,
      7.951,
      7.912,
      8.061,
      7.969,
      8.031,
      7.912,
      7.993,
      7.898,
      7.945,
      7.926,
      8.003,
      7.973,
      8.129,
      7.996,
      8.139,
      7.963,
      8.489,
      8.046,
      8.295,
      7.996,
      8.176
    ],