{
  "metadata": {
    "name": "protgpt2",
    "hf_path": "nferruz/ProtGPT2",
    "hf_path_attempted": [],
    "hf_path_loaded": "nferruz/ProtGPT2",
    "param_count": 774030080,
    "param_count_str": "774.0M",
    "dtype": "float16",
    "weight_memory_mb": 1476.35,
    "hidden_size": 1280,
    "num_layers": 36,
    "num_attention_heads": 20,
    "num_kv_heads": 20,
    "head_dim": 64,
    "max_position_embeddings": 1024,
    "vocab_size": 50257,
    "architecture": "GPT2LMHeadModel",
    "warnings": [
      "Config field 'num_key_value_heads' not found (tried fallbacks: ('num_kv_heads',))",
      "num_key_value_heads not found; falling back to num_attention_heads=20",
      "Applied patch: Added get_head_mask() to ProGenPreTrainedModel (removed in transformers 5.x)",
      "Applied patch: Added get_head_mask() to inner transformer model (GPT2Model)"
    ]
  },
  "primary_result": {
    "model_name": "protgpt2",
    "prompt_token_length": 64,
    "max_new_tokens": 256,
    "actual_new_tokens": 256,
    "total_seq_length": 320,
    "batch_size": 1,
    "use_cache": true,
    "method": "manual_prefill_decode",
    "prefill_time_ms": 10.826588986674324,
    "decode_time_ms": 2038.773735810537,
    "total_time_ms": 2049.6,
    "decode_tokens_per_sec": 125.08,
    "end_to_end_tokens_per_sec": 124.9,
    "per_step_decode_times_ms": [
      8.32,
      7.804,
      7.916,
      7.827,
      7.739,
      8.051,
      8.004,
      8.194,
      7.815,
      8.187,
      7.867,
      8.153,
      7.808,
      8.142,
      7.746,
      8.137,
      7.759,
      8.119,
      7.908,
      8.149,
      7.77,
      8.15,
      7.784,
      8.126,
      7.74,
      8.372,
      8.378,
      7.987,
      7.897,
      7.921,
      7.951,
      7.658,
      7.932,
      7.664,
      7.986,
      7.667,
      8.049,
      7.852,
      8.571,
      7.913,
      8.039,
      7.738,
      8.099,
      7.717,
      8.077,
      7.764,
      8.092,
      7.915,
      7.982,
      7.892,
      8.125,
      7.925,
      8.06,
      8.356,
      7.738,
      7.945,
      7.705,
      7.952,
      7.729,
      8.039,
      7.728,
      8.001,
      7.759,
      8.075,
      7.977,
      7.883,
      7.715,
      7.903,
      7.786,
      8.087,
      7.779,
      8.157,
      8.093,
      7.962,
      7.823,
      7.75,
      7.806,
      7.798,
      7.948,
      8.008,
      7.904,
      7.796,
      7.884,
      7.902,
      7.895,
      7.821,
      7.954,
      8.009,
      7.896,
      7.704,
      7.948,
      7.745,
      7.908,
      7.715,
      7.768,
      8.026,
      7.772,
      8.19,
      7.959,
      8.273,
      7.931,
      7.984,
      7.721,
      7.835,
      7.953,
      8.103,
      7.869,
      8.141,
      8.053,
      8.44,
      8.011,
      8.541,
      9.658,
      8.423,
      7.807,
      8.192,
      7.724,
      8.176,
      7.823,
      8.013,
      7.784,
      7.965,
      7.813,
      8.077,
      8.121,
      8.056,
      7.816,
      8.28,
      8.544,
      8.142,
      7.79,
      8.352,
      7.995,
      8.053,
      7.808,
      7.751,
      8.78,
      7.998,
      8.27,
      7.855,
      9.163,
      7.987,
      8.177,
      7.795,
      8.1,
      7.766,
      7.728,
      7.702,
      7.762,
      7.788,
      8.399,
      7.87,
      7.971,
      7.824,
      7.738,
      7.74,
      7.816,
      8.472,
      8.058,
      7.685,
      8.729,
      7.792,
      8.524,
      7.799,
      8.222,
      7.811,
      7.964,
      7.892,
      7.745,
      8.015,
      7.721,
      8.006,
      7.733,
      8.008,
      7.715,
      8.0,
      7.728,
      7.85,
      7.811,
      7.855,
      7.779,
      7.899,
      7.905,
      7.833,
      7.803,
      7.852,
      7.91,
      7.733,
      7.905,
      7.841,
      7.979,
      7.777,
      8.037,
      7.918,
      8.073,
      7.99,
      8.117,
      7.874,
      8.081,
      7.842,
      8.07,
      7.953,
      8.139,
      7.857,
      8.018,
      7.955,
      8.354,
      8.003,
      8.077,
      9.039,
      8.152,
      7.929,
      8.061,
      7.933,
      7.923,
      7.949,
      7.866,
      8.023,
      7.864,
      8.015,
      7.958,
      8.075,
      7.955,
      8.023,
      7.885,
      8.135,
      7.996,
      8.085,
      7.845,
      8.194,
      8.042,
      8.591,
      8.139,
      8.487,
      7.949,
      8.38,
      8.507,
      8.164,
      7.99,
      8.108,
      7.938,
      8.106,
      7.91,
      8.032,
      7.891,
      8.208,
      7.882,
      8.075,
      8.035,
      8.067,
      8.312,
      8.037,
      8.162,
      7.993,
      8.168
    ],
    "memory_after_load": {
      "allocated_mb": 1485.470703125,
      "reserved_mb": 1618.0,
      "max_allocated_mb": 1485.470703125,
      "max_reserved_mb": 1618.0
    },
    "memory_after_prefill": {
      "allocated_mb": 1502.8564453125,
      "reserved_mb": 1654.0,
      "max_allocated_mb": 1503.01220703125,
      "max_reserved_mb": 1654.0
    },
    "memory_peak": {
      "allocated_mb": 1541.76611328125,
      "reserved_mb": 1712.0,
      "max_allocated_mb": 1542.5595703125,
      "max_reserved_mb": 1712.0
    },
    "theoretical_kv_cache": {
      "total_mb": 56.25,
      "per_token_mb": 0.1758,
      "as_pct_of_weights": 3.81,
      "growth_per_100_tokens_mb": 17.58,
      "seq_len_used": 320
    },
    "observed_peak_allocated_mb": 1542.56,
    "observed_peak_reserved_mb": 1712.0,
    "error": null,
    "warnings": []
  },
  "secondary_result": {
    "model_name": "protgpt2",
    "prompt_token_length": 64,
    "max_new_tokens": 256,
    "actual_new_tokens": 7,
    "total_seq_length": 71,
    "batch_size": 1,
    "use_cache": true,
    "method": "generate_api",
    "prefill_time_ms": null,
    "decode_time_ms": null,
    "total_time_ms": 60.54,
    "decode_tokens_per_sec": 0.0,
    "end_to_end_tokens_per_sec": 115.63,
    "per_step_decode_times_ms": [],
    "memory_after_load": {
      "allocated_mb": 1485.470703125,
      "reserved_mb": 1618.0,
      "max_allocated_mb": 1485.470703125,
      "max_reserved_mb": 1618.0
    },
    "memory_after_prefill": null,
    "memory_peak": {
      "allocated_mb": 1485.4716796875,
      "reserved_mb": 1634.0,
      "max_allocated_mb": 1500.1611328125,
      "max_reserved_mb": 1634.0
    },
    "theoretical_kv_cache": {
      "total_mb": 12.48,
      "per_token_mb": 0.1758,
      "as_pct_of_weights": 0.85,
      "growth_per_100_tokens_mb": 17.58,
      "seq_len_used": 71
    },
    "observed_peak_allocated_mb": 1500.16,
    "observed_peak_reserved_mb": 1634.0,
    "error": null,
    "warnings": []
  },
  "theoretical_kv_upper_bound": {
    "total_mb": 56.25,
    "total_bytes": 58982400,
    "per_token_mb": 0.1758,
    "as_pct_of_weights": 3.81,
    "growth_per_100_tokens_mb": 17.58,
    "seq_len_used": 320,
    "label": "upper_bound_at_configured_max"
  }
}