{
  "metadata": {
    "name": "protgpt2",
    "hf_path": "nferruz/ProtGPT2",
    "hf_path_attempted": [],
    "hf_path_loaded": "nferruz/ProtGPT2",
    "param_count": 774030080,
    "param_count_str": "774.0M",
    "dtype": "float16",
    "weight_memory_mb": 1476.35,
    "hidden_size": 1280,
    "num_layers": 36,
    "num_attention_heads": 20,
    "num_kv_heads": 20,
    "head_dim": 64,
    "max_position_embeddings": 1024,
    "vocab_size": 50257,
    "architecture": "GPT2LMHeadModel",
    "warnings": [
      "Config field 'num_key_value_heads' not found (tried fallbacks: ('num_kv_heads',))",
      "num_key_value_heads not found; falling back to num_attention_heads=20",
      "Applied patch: Added get_head_mask() to ProGenPreTrainedModel (removed in transformers 5.x)",
      "Applied patch: Added get_head_mask() to inner transformer model (GPT2Model)"
    ]
  },
  "primary_result": {
    "model_name": "protgpt2",
    "prompt_token_length": 32,
    "max_new_tokens": 512,
    "actual_new_tokens": 512,
    "total_seq_length": 544,
    "batch_size": 1,
    "use_cache": true,
    "method": "manual_prefill_decode",
    "prefill_time_ms": 10.467237007105723,
    "decode_time_ms": 4123.675170761999,
    "total_time_ms": 4134.14,
    "decode_tokens_per_sec": 123.92,
    "end_to_end_tokens_per_sec": 123.85,
    "per_step_decode_times_ms": [
      8.102,
      7.931,
      7.846,
      8.07,
      8.105,
      8.464,
      8.086,
      8.469,
      8.246,
      8.303,
      8.033,
      8.354,
      7.869,
      8.263,
      8.387,
      8.009,
      7.777,
      8.034,
      7.711,
      7.995,
      7.768,
      8.03,
      7.742,
      8.036,
      7.962,
      8.078,
      7.814,
      8.025,
      7.822,
      7.993,
      7.838,
      7.956,
      8.152,
      7.9,
      8.03,
      7.781,
      8.039,
      7.746,
      8.11,
      7.788,
      7.982,
      7.793,
      8.173,
      8.009,
      8.149,
      7.986,
      8.062,
      7.897,
      8.033,
      7.813,
      8.183,
      7.827,
      8.026,
      7.779,
      7.893,
      7.767,
      7.796,
      7.939,
      7.787,
      8.185,
      7.776,
      8.017,
      7.759,
      7.98,
      7.798,
      7.999,
      7.89,
      8.383,
      8.098,
      8.263,
      8.058,
      8.313,
      7.787,
      8.191,
      7.815,
      7.964,
      7.858,
      7.944,
      7.809,
      7.88,
      8.075,
      7.804,
      7.903,
      8.018,
      8.006,
      8.026,
      7.917,
      7.824,
      7.891,
      7.816,
      7.889,
      7.813,
      8.046,
      7.795,
      8.059,
      7.937,
      8.022,
      7.795,
      7.965,
      7.782,
      8.096,
      7.833,
      7.853,
      7.94,
      8.006,
      7.969,
      7.731,
      7.924,
      7.871,
      7.953,
      7.836,
      8.134,
      7.773,
      7.918,
      7.802,
      8.078,
      7.791,
      8.019,
      7.787,
      8.04,
      7.749,
      8.114,
      7.788,
      7.846,
      7.992,
      8.01,
      8.016,
      8.086,
      7.994,
      7.932,
      8.216,
      8.405,
      8.461,
      8.089,
      8.287,
      8.293,
      8.21,
      7.962,
      8.265,
      7.993,
      8.105,
      7.888,
      8.116,
      7.811,
      8.059,
      7.819,
      8.244,
      7.901,
      8.084,
      7.854,
      8.151,
      7.856,
      8.099,
      8.014,
      8.064,
      8.122,
      8.043,
      8.157,
      8.149,
      7.91,
      7.84,
      7.963,
      7.719,
      7.828,
      7.798,
      7.945,
      7.89,
      7.961,
      7.823,
      7.977,
      7.859,
      7.97,
      8.629,
      8.345,
      8.119,
      8.069,
      7.989,
      8.006,
      7.921,
      7.982,
      7.811,
      7.985,
      7.871,
      8.082,
      7.874,
      7.837,
      7.963,
      7.757,
      8.042,
      7.911,
      8.086,
      7.836,
      8.216,
      7.8,
      8.134,
      7.764,
      8.161,
      7.776,
      8.126,
      7.966,
      8.237,
      7.874,
      8.133,
      7.806,
      8.056,
      7.768,
      8.115,
      7.845,
      8.153,
      7.835,
      8.02,
      7.914,
      7.939,
      7.957,
      7.808,
      8.01,
      7.776,
      7.971,
      7.77,
      8.043,
      7.781,
      8.075,
      7.784,
      8.092,
      7.988,
      8.288,
      8.027,
      8.212,
      7.951,
      8.06,
      7.97,
      8.146,
      8.218,
      8.157,
      8.075,
      8.273,
      8.197,
      8.217,
      7.994,
      8.061,
      8.14,
      9.085,
      7.962,
      8.072,
      7.968,
      7.953,
      7.979,
      7.951,
      8.091,
      7.949,
      8.128,
      7.932,
      8.158,
      7.908,
      8.288,
      8.147,
      8.367,
      8.179,
      8.277,
      8.374,
      8.528,
      8.114,
      8.474,
      8.636,
      8.582,
      8.165,
      8.183,
      7.972,
      8.139,
      7.952,
      8.082,
      7.95,
      8.201,
      8.037,
      8.304,
      7.986,
      8.201,
      8.155,
      8.189,
      8.107,
      8.176,
      8.284,
      8.183,
      8.019,
      8.177,
      8.286,
      8.333,
      8.243,
      8.195,
      8.221,
      8.234,
      7.945,
      8.328,
      7.973,
      8.31,
      7.931,
      8.321,
      8.011,
      8.507,
      7.923,
      8.348,
      7.911,
      8.286,
      7.972,
      8.035,
      8.177,
      8.019,
      8.1,
      7.96,
      8.393,
      7.952,
      8.468,
      8.907,
      8.284,
      8.171,
      7.959,
      7.957,
      8.03,
      7.9,
      8.066,
      8.102,
      8.201,
      7.986,
      8.087,
      8.097,
      8.027,
      8.063,
      8.074,
      7.95,
      8.281,
      8.034,
      8.077,
      8.154,
      8.075,
      7.926,
      8.076,
      7.963,
      8.081,
      7.974,
      8.099,
      7.916,
      8.18,
      7.965,
      8.132,
      7.937,
      8.087,
      8.089,
      8.225,
      8.226,
      7.99,
      8.237,
      7.957,
      8.143,
      7.99,
      8.24,
      8.066,
      8.071,
      8.008,
      8.202,
      7.898,
      8.217,
      7.93,
      8.18,
      7.975,
      8.259,
      7.93,
      8.19,
      7.949,
      8.252,
      8.041,
      8.435,
      8.035,
      8.548,
      7.985,
      8.368,
      8.222,
      8.26,
      8.219,
      8.344,
      8.25,
      8.516,
      8.384,
      8.319,
      8.113,
      8.238,
      8.414,
      8.301,
      8.145,
      8.261,
      8.021,
      8.172,
      7.917,
      8.167,
      7.955,
      8.213,
      7.901,
      8.115,
      7.934,
      7.914,
      7.922,
      7.964,
      8.11,
      7.994,
      8.168,
      8.14,
      8.115,
      7.937,
      8.147,
      7.901,
      8.185,
      7.89,
      8.169,
      7.914,
      8.122,
      7.875,
      8.216,
      7.912,
      8.202,
      8.135,
      8.164,
      8.014,
      8.124,
      7.997,
      8.171,
      7.849,
      8.131,
      7.866,
      8.108,
      7.864,
      8.145,
      7.916,
      7.909,
      7.993,
      7.882,
      8.07,
      7.988,
      8.072,
      7.858,
      8.161,
      7.861,
      8.144,
      7.851,
      8.138,
      7.906,
      8.092,
      7.867,
      8.283,
      7.828,
      8.142,
      7.911,
      8.141,
      8.171,
      8.362,
      7.961,
      8.228,
      7.876,
      8.117,
      7.868,
      8.132,
      7.847,
      7.92,
      7.922,
      7.887,
      8.015,
      7.873,
      8.097,
      7.876,
      8.148,
      7.948,
      8.331,
      7.869,
      8.254,
      7.859,
      8.402,
      8.187,
      8.148,
      7.847,
      8.039,
      7.844,
      7.984,
      7.883,
      8.522,
      7.959,
      8.974,
      10.89,
      8.806,
      8.586,
      8.79,
      8.485,
      8.58,
      8.308,
      8.277,
      8.06,
      8.205,
      8.026,
      8.178,
      7.906,
      8.315,
      7.896,
      8.363,
      8.113,
      8.807,
      8.125,
      8.537,
      8.35,
      8.409,
      8.141,
      8.649,
      8.337,
      8.503,
      7.939
    ],