{
  "metadata": {
    "name": "protgpt2",
    "hf_path": "nferruz/ProtGPT2",
    "hf_path_attempted": [],
    "hf_path_loaded": "nferruz/ProtGPT2",
    "param_count": 774030080,
    "param_count_str": "774.0M",
    "dtype": "float16",
    "weight_memory_mb": 1476.35,
    "hidden_size": 1280,
    "num_layers": 36,
    "num_attention_heads": 20,
    "num_kv_heads": 20,
    "head_dim": 64,
    "max_position_embeddings": 1024,
    "vocab_size": 50257,
    "architecture": "GPT2LMHeadModel",
    "warnings": [
      "Config field 'num_key_value_heads' not found (tried fallbacks: ('num_kv_heads',))",
      "num_key_value_heads not found; falling back to num_attention_heads=20",
      "Applied patch: Added get_head_mask() to ProGenPreTrainedModel (removed in transformers 5.x)",
      "Applied patch: Added get_head_mask() to inner transformer model (GPT2Model)"
    ]
  },
  "primary_result": {
    "model_name": "protgpt2",
    "prompt_token_length": 16,
    "max_new_tokens": 128,
    "actual_new_tokens": 128,
    "total_seq_length": 144,
    "batch_size": 1,
    "use_cache": true,
    "method": "manual_prefill_decode",
    "prefill_time_ms": 9.928184997988865,
    "decode_time_ms": 999.090588913532,
    "total_time_ms": 1009.02,
    "decode_tokens_per_sec": 127.12,
    "end_to_end_tokens_per_sec": 126.86,
    "per_step_decode_times_ms": [
      7.907,
      7.824,
      8.029,
      7.795,
      7.77,
      7.842,
      7.72,
      7.762,
      7.791,
      7.999,
      8.286,
      8.088,
      8.153,
      7.823,
      8.051,
      7.748,
      8.019,
      7.702,
      7.964,
      7.704,
      7.987,
      7.913,
      8.034,
      7.759,
      8.063,
      7.74,
      8.125,
      7.931,
      8.117,
      7.802,
      8.304,
      7.817,
      7.83,
      7.795,
      7.71,
      8.013,
      7.695,
      8.05,
      7.974,
      8.287,
      7.903,
      8.109,
      7.746,
      8.011,
      7.782,
      8.029,
      7.846,
      8.112,
      7.985,
      8.076,
      7.773,
      8.135,
      7.969,
      7.868,
      7.834,
      7.795,
      7.766,
      7.766,
      7.936,
      7.732,
      7.668,
      7.701,
      7.754,
      7.766,
      7.72,
      7.778,
      7.926,
      7.718,
      7.791,
      7.802,
      7.944,
      8.744,
      7.855,
      7.79,
      7.843,
      7.947,
      7.761,
      7.695,
      7.76,
      7.759,
      7.73,
      7.765,
      7.742,
      7.732,
      7.78,
      7.769,
      7.961,
      7.77,
      7.747,
      7.768,
      7.81,
      7.712,
      7.786,
      7.793,
      7.775,
      7.807,
      7.754,
      7.799,
      7.836,
      7.808,
      7.789,
      8.066,
      7.816,
      7.848,
      7.9,
      7.819,
      7.807,
      7.814,
      7.853,
      7.812,
      7.947,
      7.873,
      7.952,
      7.848,
      7.739,
      7.795,
      7.779,
      7.812,
      7.809,
      7.966,
      7.911,
      7.932,
      7.771,
      7.735,
      7.73,
      7.764,
      7.744
    ],
    "memory_after_load": {
      "allocated_mb": 1485.470703125,
      "reserved_mb": 1618.0,
      "max_allocated_mb": 1485.470703125,
      "max_reserved_mb": 1618.0
    },
    "memory_after_prefill": {
      "allocated_mb": 1490.15869140625,
      "reserved_mb": 1620.0,
      "max_allocated_mb": 1490.197265625,
      "max_reserved_mb": 1620.0
    },
    "memory_peak": {
      "allocated_mb": 1510.76611328125,
      "reserved_mb": 1650.0,
      "max_allocated_mb": 1511.1298828125,
      "max_reserved_mb": 1650.0
    },
    "theoretical_kv_cache": {
      "total_mb": 25.31,
      "per_token_mb": 0.1758,
      "as_pct_of_weights": 1.71,
      "growth_per_100_tokens_mb": 17.58,
      "seq_len_used": 144
    },
    "observed_peak_allocated_mb": 1511.13,
    "observed_peak_reserved_mb": 1650.0,
    "error": null,
    "warnings": []
  },
  "secondary_result": {
    "model_name": "protgpt2",
    "prompt_token_length": 16,
    "max_new_tokens": 128,
    "actual_new_tokens": 11,
    "total_seq_length": 27,
    "batch_size": 1,
    "use_cache": true,
    "method": "generate_api",
    "prefill_time_ms": null,
    "decode_time_ms": null,
    "total_time_ms": 91.22,
    "decode_tokens_per_sec": 0.0,
    "end_to_end_tokens_per_sec": 120.59,
    "per_step_decode_times_ms": [],
    "memory_after_load": {
      "allocated_mb": 1485.470703125,
      "reserved_mb": 1618.0,
      "max_allocated_mb": 1485.470703125,
      "max_reserved_mb": 1618.0
    },
    "memory_after_prefill": null,
    "memory_peak": {
      "allocated_mb": 1485.47119140625,
      "reserved_mb": 1622.0,
      "max_allocated_mb": 1490.52734375,
      "max_reserved_mb": 1622.0
    },
    "theoretical_kv_cache": {
      "total_mb": 4.75,
      "per_token_mb": 0.1758,
      "as_pct_of_weights": 0.32,
      "growth_per_100_tokens_mb": 17.58,
      "seq_len_used": 27
    },
    "observed_peak_allocated_mb": 1490.53,
    "observed_peak_reserved_mb": 1622.0,
    "error": null,
    "warnings": []
  },
  "theoretical_kv_upper_bound": {
    "total_mb": 25.31,
    "total_bytes": 26542080,
    "per_token_mb": 0.1758,
    "as_pct_of_weights": 1.71,
    "growth_per_100_tokens_mb": 17.58,
    "seq_len_used": 144,
    "label": "upper_bound_at_configured_max"
  }
}