{
  "metadata": {
    "name": "protgpt2",
    "hf_path": "nferruz/ProtGPT2",
    "hf_path_attempted": [],
    "hf_path_loaded": "nferruz/ProtGPT2",
    "param_count": 774030080,
    "param_count_str": "774.0M",
    "dtype": "float16",
    "weight_memory_mb": 1476.35,
    "hidden_size": 1280,
    "num_layers": 36,
    "num_attention_heads": 20,
    "num_kv_heads": 20,
    "head_dim": 64,
    "max_position_embeddings": 1024,
    "vocab_size": 50257,
    "architecture": "GPT2LMHeadModel",
    "warnings": [
      "Config field 'num_key_value_heads' not found (tried fallbacks: ('num_kv_heads',))",
      "num_key_value_heads not found; falling back to num_attention_heads=20",
      "Applied patch: Added get_head_mask() to ProGenPreTrainedModel (removed in transformers 5.x)",
      "Applied patch: Added get_head_mask() to inner transformer model (GPT2Model)"
    ]
  },
  "primary_result": {
    "model_name": "protgpt2",
    "prompt_token_length": 256,
    "max_new_tokens": 256,
    "actual_new_tokens": 256,
    "total_seq_length": 512,
    "batch_size": 1,
    "use_cache": true,
    "method": "manual_prefill_decode",
    "prefill_time_ms": 13.140288996510208,
    "decode_time_ms": 2067.36747190007,
    "total_time_ms": 2080.51,
    "decode_tokens_per_sec": 123.35,
    "end_to_end_tokens_per_sec": 123.05,
    "per_step_decode_times_ms": [
      8.205,
      8.281,
      8.039,
      8.335,
      8.048,
      8.494,
      8.257,
      8.507,
      8.396,
      8.703,
      8.341,
      8.421,
      8.211,
      8.328,
      8.101,
      8.227,
      7.979,
      9.394,
      8.05,
      8.28,
      8.028,
      8.164,
      7.943,
      8.174,
      7.986,
      8.234,
      8.131,
      8.27,
      7.987,
      8.258,
      7.939,
      8.215,
      7.949,
      8.198,
      7.971,
      8.038,
      8.107,
      7.947,
      8.214,
      7.975,
      8.103,
      8.023,
      8.14,
      8.025,
      8.172,
      8.189,
      8.436,
      8.149,
      8.256,
      8.236,
      8.695,
      7.912,
      7.973,
      8.049,
      8.105,
      8.31,
      8.534,
      7.896,
      8.053,
      7.812,
      8.399,
      8.194,
      8.486,
      7.813,
      8.838,
      7.951,
      8.144,
      7.947,
      8.133,
      7.831,
      8.131,
      7.992,
      8.187,
      7.991,
      8.182,
      7.941,
      8.174,
      7.916,
      8.226,
      7.91,
      8.028,
      8.015,
      7.925,
      8.027,
      7.853,
      8.094,
      7.94,
      8.109,
      7.871,
      8.139,
      7.949,
      8.134,
      7.917,
      8.157,
      7.886,
      8.173,
      8.004,
      8.149,
      8.022,
      8.37,
      7.958,
      8.155,
      7.93,
      8.124,
      7.906,
      8.351,
      7.912,
      8.132,
      7.891,
      8.144,
      7.832,
      8.102,
      7.961,
      7.934,
      8.077,
      7.938,
      8.16,
      7.932,
      8.115,
      7.893,
      8.146,
      7.966,
      8.235,
      7.921,
      8.204,
      8.067,
      8.388,
      8.064,
      8.415,
      8.056,
      8.344,
      8.104,
      8.398,
      8.102,
      8.2,
      7.943,
      8.392,
      8.113,
      8.249,
      8.017,
      8.354,
      8.019,
      8.193,
      8.015,
      8.276,
      8.189,
      8.389,
      7.922,
      8.336,
      8.095,
      8.281,
      8.203,
      8.237,
      8.131,
      8.213,
      7.851,
      8.021,
      7.912,
      8.166,
      7.91,
      7.997,
      8.196,
      10.883,
      8.729,
      9.336,
      8.855,
      8.806,
      9.095,
      8.803,
      7.909,
      8.07,
      7.769,
      8.044,
      7.815,
      8.072,
      7.818,
      8.048,
      7.868,
      8.086,
      7.895,
      8.034,
      7.866,
      8.024,
      7.842,
      8.12,
      7.838,
      7.887,
      7.902,
      7.829,
      8.023,
      7.771,
      7.991,
      7.859,
      8.109,
      7.814,
      8.053,
      7.797,
      8.025,
      7.787,
      8.007,
      7.863,
      8.072,
      7.838,
      8.02,
      7.825,
      8.021,
      7.821,
      8.033,
      7.868,
      7.934,
      7.978,
      8.005,
      8.142,
      7.899,
      8.088,
      7.863,
      8.071,
      7.91,
      8.089,
      7.883,
      8.02,
      7.855,
      8.07,
      7.864,
      8.087,
      7.89,
      8.127,
      8.021,
      8.117,
      7.913,
      8.115,
      7.911,
      8.161,
      7.911,
      8.015,
      7.875,
      7.919,
      8.214,
      8.049,
      8.133,
      7.873,
      8.071,
      7.89,
      8.076,
      7.862,
      8.072,
      7.83,
      8.094,
      7.929,
      8.154,
      7.938,
      8.302,
      7.937,
      8.2,
      7.952
    ],
    "memory_after_load": {
      "allocated_mb": 1485.47216796875,
      "reserved_mb": 1618.0,
      "max_allocated_mb": 1485.47216796875,
      "max_reserved_mb": 1618.0
    },
    "memory_after_prefill": {
      "allocated_mb": 1555.01220703125,
      "reserved_mb": 1716.0,
      "max_allocated_mb": 1555.63671875,
      "max_reserved_mb": 1716.0
    },
    "memory_peak": {
      "allocated_mb": 1584.99560546875,
      "reserved_mb": 1742.0,
      "max_allocated_mb": 1586.5126953125,
      "max_reserved_mb": 1742.0
    },
    "theoretical_kv_cache": {
      "total_mb": 90.0,
      "per_token_mb": 0.1758,
      "as_pct_of_weights": 6.1,
      "growth_per_100_tokens_mb": 17.58,
      "seq_len_used": 512
    },
    "observed_peak_allocated_mb": 1586.51,
    "observed_peak_reserved_mb": 1742.0,
    "error": null,
    "warnings": []
  },
  "secondary_result": {
    "model_name": "protgpt2",
    "prompt_token_length": 256,
    "max_new_tokens": 256,
    "actual_new_tokens": 25,
    "total_seq_length": 281,
    "batch_size": 1,
    "use_cache": true,
    "method": "generate_api",
    "prefill_time_ms": null,
    "decode_time_ms": null,
    "total_time_ms": 212.95,
    "decode_tokens_per_sec": 0.0,
    "end_to_end_tokens_per_sec": 117.4,
    "per_step_decode_times_ms": [],
    "memory_after_load": {
      "allocated_mb": 1485.47216796875,
      "reserved_mb": 1618.0,
      "max_allocated_mb": 1485.47216796875,
      "max_reserved_mb": 1618.0
    },
    "memory_after_prefill": null,
    "memory_peak": {
      "allocated_mb": 1485.474609375,
      "reserved_mb": 1712.0,
      "max_allocated_mb": 1544.2294921875,
      "max_reserved_mb": 1712.0
    },
    "theoretical_kv_cache": {
      "total_mb": 49.39,
      "per_token_mb": 0.1758,
      "as_pct_of_weights": 3.35,
      "growth_per_100_tokens_mb": 17.58,
      "seq_len_used": 281
    },
    "observed_peak_allocated_mb": 1544.23,
    "observed_peak_reserved_mb": 1712.0,
    "error": null,
    "warnings": []
  },
  "theoretical_kv_upper_bound": {
    "total_mb": 90.0,
    "total_bytes": 94371840,
    "per_token_mb": 0.1758,
    "as_pct_of_weights": 6.1,
    "growth_per_100_tokens_mb": 17.58,
    "seq_len_used": 512,
    "label": "upper_bound_at_configured_max"
  }
}