{
  "metadata": {
    "name": "protgpt2",
    "hf_path": "nferruz/ProtGPT2",
    "hf_path_attempted": [],
    "hf_path_loaded": "nferruz/ProtGPT2",
    "param_count": 774030080,
    "param_count_str": "774.0M",
    "dtype": "float16",
    "weight_memory_mb": 1476.35,
    "hidden_size": 1280,
    "num_layers": 36,
    "num_attention_heads": 20,
    "num_kv_heads": 20,
    "head_dim": 64,
    "max_position_embeddings": 1024,
    "vocab_size": 50257,
    "architecture": "GPT2LMHeadModel",
    "warnings": [
      "Config field 'num_key_value_heads' not found (tried fallbacks: ('num_kv_heads',))",
      "num_key_value_heads not found; falling back to num_attention_heads=20",
      "Applied patch: Added get_head_mask() to ProGenPreTrainedModel (removed in transformers 5.x)",
      "Applied patch: Added get_head_mask() to inner transformer model (GPT2Model)"
    ]
  },
  "primary_result": {
    "model_name": "protgpt2",
    "prompt_token_length": 32,
    "max_new_tokens": 256,
    "actual_new_tokens": 256,
    "total_seq_length": 288,
    "batch_size": 1,
    "use_cache": true,
    "method": "manual_prefill_decode",
    "prefill_time_ms": 10.166625987039879,
    "decode_time_ms": 2047.5543978391215,
    "total_time_ms": 2057.72,
    "decode_tokens_per_sec": 124.54,
    "end_to_end_tokens_per_sec": 124.41,
    "per_step_decode_times_ms": [
      8.075,
      7.856,
      8.043,
      7.713,
      8.15,
      7.799,
      7.958,
      8.078,
      7.915,
      7.831,
      7.827,
      7.81,
      7.804,
      7.725,
      8.237,
      7.872,
      7.803,
      7.773,
      7.791,
      7.988,
      7.815,
      8.059,
      7.675,
      8.033,
      7.903,
      7.987,
      7.876,
      7.83,
      7.837,
      7.881,
      8.103,
      8.029,
      8.024,
      8.027,
      7.87,
      8.011,
      7.824,
      7.859,
      7.925,
      7.836,
      7.9,
      7.781,
      8.199,
      7.873,
      8.004,
      7.796,
      8.093,
      7.74,
      7.971,
      7.755,
      8.349,
      7.896,
      8.243,
      8.029,
      8.201,
      8.04,
      8.28,
      7.954,
      8.227,
      8.099,
      8.402,
      7.936,
      8.061,
      7.747,
      7.935,
      7.727,
      7.718,
      7.835,
      7.732,
      8.038,
      7.997,
      8.008,
      7.736,
      8.292,
      7.714,
      8.032,
      7.741,
      8.332,
      7.957,
      8.171,
      8.047,
      8.125,
      7.805,
      7.997,
      7.846,
      8.454,
      8.02,
      8.125,
      7.781,
      8.0,
      7.702,
      7.74,
      7.915,
      7.774,
      7.996,
      8.122,
      7.986,
      7.895,
      8.062,
      7.845,
      8.039,
      7.723,
      8.131,
      7.772,
      8.299,
      7.758,
      8.056,
      7.748,
      8.119,
      7.747,
      8.141,
      7.819,
      8.246,
      8.48,
      8.27,
      7.994,
      8.156,
      7.882,
      7.948,
      8.064,
      7.76,
      7.971,
      7.829,
      8.106,
      7.777,
      8.132,
      7.894,
      8.506,
      7.99,
      8.378,
      7.845,
      8.619,
      8.078,
      8.214,
      7.849,
      8.165,
      7.866,
      8.127,
      7.791,
      8.099,
      7.862,
      8.004,
      7.887,
      8.067,
      7.912,
      8.122,
      7.819,
      7.933,
      7.954,
      8.089,
      8.062,
      7.942,
      8.052,
      7.949,
      8.035,
      8.158,
      8.111,
      7.767,
      8.042,
      7.922,
      8.053,
      7.778,
      7.967,
      7.922,
      8.102,
      7.749,
      8.232,
      7.84,
      8.204,
      7.776,
      8.08,
      7.908,
      8.594,
      8.106,
      8.052,
      8.092,
      8.1,
      8.259,
      8.115,
      8.257,
      8.101,
      8.099,
      7.935,
      7.988,
      8.289,
      8.344,
      8.074,
      8.044,
      8.099,
      8.314,
      8.131,
      8.113,
      7.869,
      8.238,
      7.994,
      8.141,
      7.826,
      8.124,
      7.819,
      8.083,
      7.823,
      8.355,
      7.945,
      8.195,
      7.957,
      8.116,
      7.976,
      8.107,
      8.069,
      8.24,
      7.869,
      8.302,
      7.851,
      8.045,
      7.853,
      7.86,
      8.353,
      7.847,
      7.989,
      7.8,
      8.161,
      7.845,
      8.046,
      7.845,
      8.293,
      7.96,
      8.294,
      7.915,
      8.237,
      7.911,
      8.428,
      8.039,
      8.449,
      7.987,
      8.42,
      8.015,
      8.324,
      7.885,
      8.388,
      8.087,
      8.51,
      9.014,
      8.356,
      8.014,
      8.327,
      8.018,
      8.547,
      8.291,
      8.392,
      8.084,
      8.832,
      8.015,
      8.619,
      8.004,
      8.329
    ],
    "memory_after_load": {
      "allocated_mb": 1485.470703125,
      "reserved_mb": 1618.0,
      "max_allocated_mb": 1485.470703125,
      "max_reserved_mb": 1618.0
    },
    "memory_after_prefill": {
      "allocated_mb": 1494.1640625,
      "reserved_mb": 1644.0,
      "max_allocated_mb": 1494.24169921875,
      "max_reserved_mb": 1644.0
    },
    "memory_peak": {
      "allocated_mb": 1536.14111328125,
      "reserved_mb": 1712.0,
      "max_allocated_mb": 1536.8564453125,
      "max_reserved_mb": 1712.0
    },
    "theoretical_kv_cache": {
      "total_mb": 50.62,
      "per_token_mb": 0.1758,
      "as_pct_of_weights": 3.43,
      "growth_per_100_tokens_mb": 17.58,
      "seq_len_used": 288
    },
    "observed_peak_allocated_mb": 1536.86,
    "observed_peak_reserved_mb": 1712.0,
    "error": null,
    "warnings": []
  },
  "secondary_result": {
    "model_name": "protgpt2",
    "prompt_token_length": 32,
    "max_new_tokens": 256,
    "actual_new_tokens": 4,
    "total_seq_length": 36,
    "batch_size": 1,
    "use_cache": true,
    "method": "generate_api",
    "prefill_time_ms": null,
    "decode_time_ms": null,
    "total_time_ms": 36.37,
    "decode_tokens_per_sec": 0.0,
    "end_to_end_tokens_per_sec": 109.97,
    "per_step_decode_times_ms": [],
    "memory_after_load": {
      "allocated_mb": 1485.470703125,
      "reserved_mb": 1618.0,
      "max_allocated_mb": 1485.470703125,
      "max_reserved_mb": 1618.0
    },
    "memory_after_prefill": null,
    "memory_peak": {
      "allocated_mb": 1485.47119140625,
      "reserved_mb": 1624.0,
      "max_allocated_mb": 1492.8173828125,
      "max_reserved_mb": 1624.0
    },
    "theoretical_kv_cache": {
      "total_mb": 6.33,
      "per_token_mb": 0.1758,
      "as_pct_of_weights": 0.43,
      "growth_per_100_tokens_mb": 17.58,
      "seq_len_used": 36
    },
    "observed_peak_allocated_mb": 1492.82,
    "observed_peak_reserved_mb": 1624.0,
    "error": null,
    "warnings": []
  },
  "theoretical_kv_upper_bound": {
    "total_mb": 50.62,
    "total_bytes": 53084160,
    "per_token_mb": 0.1758,
    "as_pct_of_weights": 3.43,
    "growth_per_100_tokens_mb": 17.58,
    "seq_len_used": 288,
    "label": "upper_bound_at_configured_max"
  }
}