{
  "metadata": {
    "name": "protgpt2",
    "hf_path": "nferruz/ProtGPT2",
    "hf_path_attempted": [],
    "hf_path_loaded": "nferruz/ProtGPT2",
    "param_count": 774030080,
    "param_count_str": "774.0M",
    "dtype": "float16",
    "weight_memory_mb": 1476.35,
    "hidden_size": 1280,
    "num_layers": 36,
    "num_attention_heads": 20,
    "num_kv_heads": 20,
    "head_dim": 64,
    "max_position_embeddings": 1024,
    "vocab_size": 50257,
    "architecture": "GPT2LMHeadModel",
    "warnings": [
      "Config field 'num_key_value_heads' not found (tried fallbacks: ('num_kv_heads',))",
      "num_key_value_heads not found; falling back to num_attention_heads=20",
      "Applied patch: Added get_head_mask() to ProGenPreTrainedModel (removed in transformers 5.x)",
      "Applied patch: Added get_head_mask() to inner transformer model (GPT2Model)"
    ]
  },
  "primary_result": {
    "model_name": "protgpt2",
    "prompt_token_length": 128,
    "max_new_tokens": 256,
    "actual_new_tokens": 256,
    "total_seq_length": 384,
    "batch_size": 1,
    "use_cache": true,
    "method": "manual_prefill_decode",
    "prefill_time_ms": 11.383431003196165,
    "decode_time_ms": 2023.240795941092,
    "total_time_ms": 2034.62,
    "decode_tokens_per_sec": 126.04,
    "end_to_end_tokens_per_sec": 125.82,
    "per_step_decode_times_ms": [
      8.298,
      8.288,
      7.951,
      7.836,
      7.849,
      7.896,
      7.837,
      7.971,
      8.001,
      7.899,
      7.887,
      8.151,
      8.126,
      8.68,
      8.189,
      7.99,
      7.909,
      8.01,
      7.769,
      7.813,
      7.763,
      7.69,
      7.928,
      7.718,
      7.928,
      7.834,
      7.904,
      7.72,
      7.863,
      7.702,
      7.93,
      7.839,
      7.985,
      7.799,
      7.94,
      8.212,
      8.038,
      7.903,
      7.953,
      7.977,
      8.045,
      7.917,
      7.897,
      7.917,
      7.895,
      7.953,
      7.833,
      7.975,
      7.782,
      7.94,
      7.74,
      7.941,
      7.79,
      7.98,
      7.81,
      8.01,
      7.795,
      7.93,
      7.818,
      8.012,
      7.925,
      8.162,
      7.93,
      8.274,
      8.117,
      7.869,
      8.052,
      7.775,
      7.919,
      7.772,
      7.845,
      7.794,
      7.835,
      7.831,
      7.881,
      7.84,
      8.409,
      7.953,
      7.831,
      7.802,
      7.787,
      7.79,
      7.85,
      7.786,
      7.807,
      7.866,
      7.871,
      7.868,
      7.904,
      7.94,
      8.16,
      8.068,
      8.697,
      8.086,
      8.019,
      7.876,
      7.789,
      7.803,
      7.758,
      7.792,
      7.762,
      7.729,
      7.841,
      7.781,
      7.78,
      7.808,
      7.786,
      7.728,
      7.751,
      7.776,
      7.785,
      7.799,
      7.746,
      7.755,
      7.816,
      7.825,
      7.803,
      7.807,
      7.748,
      7.734,
      7.738,
      7.744,
      7.745,
      7.765,
      7.783,
      7.801,
      7.786,
      7.719,
      7.932,
      7.881,
      7.883,
      7.953,
      7.869,
      7.94,
      7.898,
      7.951,
      7.911,
      7.962,
      7.903,
      7.991,
      7.972,
      8.054,
      7.949,
      8.127,
      7.934,
      8.988,
      8.042,
      7.959,
      7.937,
      7.886,
      7.98,
      7.995,
      7.98,
      7.931,
      7.951,
      7.992,
      7.931,
      7.894,
      7.936,
      7.895,
      7.979,
      7.93,
      7.982,
      7.942,
      7.97,
      8.031,
      7.974,
      7.959,
      7.976,
      7.918,
      7.963,
      7.935,
      7.969,
      7.911,
      7.924,
      7.931,
      7.951,
      7.961,
      7.879,
      8.001,
      7.933,
      7.941,
      7.904,
      7.941,
      7.914,
      7.905,
      7.98,
      7.992,
      7.942,
      8.0,
      7.978,
      8.055,
      7.979,
      7.899,
      7.988,
      7.927,
      7.95,
      7.914,
      7.929,
      7.905,
      7.932,
      7.914,
      7.93,
      8.085,
      7.997,
      7.963,
      7.931,
      7.926,
      7.923,
      7.91,
      7.994,
      7.925,
      8.012,
      8.006,
      8.041,
      7.987,
      7.987,
      7.94,
      7.944,
      7.975,
      8.007,
      8.056,
      8.014,
      8.031,
      7.941,
      7.983,
      7.919,
      8.017,
      7.939,
      8.02,
      8.096,
      7.974,
      7.931,
      7.97,
      7.906,
      7.933,
      7.938,
      8.017,
      7.987,
      8.018,
      7.956,
      7.98,
      8.249,
      7.935,
      7.971,
      8.022,
      8.006,
      7.909,
      7.967,
      7.944,
      7.995,
      7.961,
      8.022,
      7.962,
      7.941
    ],
    "memory_after_load": {
      "allocated_mb": 1485.47119140625,
      "reserved_mb": 1618.0,
      "max_allocated_mb": 1485.47119140625,
      "max_reserved_mb": 1618.0
    },
    "memory_after_prefill": {
      "allocated_mb": 1520.24169921875,
      "reserved_mb": 1658.0,
      "max_allocated_mb": 1520.5537109375,
      "max_reserved_mb": 1658.0
    },
    "memory_peak": {
      "allocated_mb": 1553.0166015625,
      "reserved_mb": 1710.0,
      "max_allocated_mb": 1553.96630859375,
      "max_reserved_mb": 1710.0
    },
    "theoretical_kv_cache": {
      "total_mb": 67.5,
      "per_token_mb": 0.1758,
      "as_pct_of_weights": 4.57,
      "growth_per_100_tokens_mb": 17.58,
      "seq_len_used": 384
    },
    "observed_peak_allocated_mb": 1553.97,
    "observed_peak_reserved_mb": 1710.0,
    "error": null,
    "warnings": []
  },
  "secondary_result": {
    "model_name": "protgpt2",
    "prompt_token_length": 128,
    "max_new_tokens": 256,
    "actual_new_tokens": 5,
    "total_seq_length": 133,
    "batch_size": 1,
    "use_cache": true,
    "method": "generate_api",
    "prefill_time_ms": null,
    "decode_time_ms": null,
    "total_time_ms": 44.26,
    "decode_tokens_per_sec": 0.0,
    "end_to_end_tokens_per_sec": 112.96,
    "per_step_decode_times_ms": [],
    "memory_after_load": {
      "allocated_mb": 1485.47119140625,
      "reserved_mb": 1618.0,
      "max_allocated_mb": 1485.47119140625,
      "max_reserved_mb": 1618.0
    },
    "memory_after_prefill": null,
    "memory_peak": {
      "allocated_mb": 1485.47265625,
      "reserved_mb": 1646.0,
      "max_allocated_mb": 1514.8505859375,
      "max_reserved_mb": 1646.0
    },
    "theoretical_kv_cache": {
      "total_mb": 23.38,
      "per_token_mb": 0.1758,
      "as_pct_of_weights": 1.58,
      "growth_per_100_tokens_mb": 17.58,
      "seq_len_used": 133
    },
    "observed_peak_allocated_mb": 1514.85,
    "observed_peak_reserved_mb": 1646.0,
    "error": null,
    "warnings": []
  },
  "theoretical_kv_upper_bound": {
    "total_mb": 67.5,
    "total_bytes": 70778880,
    "per_token_mb": 0.1758,
    "as_pct_of_weights": 4.57,
    "growth_per_100_tokens_mb": 17.58,
    "seq_len_used": 384,
    "label": "upper_bound_at_configured_max"
  }
}