{
  "metadata": {
    "name": "protgpt2",
    "hf_path": "nferruz/ProtGPT2",
    "hf_path_attempted": [],
    "hf_path_loaded": "nferruz/ProtGPT2",
    "param_count": 774030080,
    "param_count_str": "774.0M",
    "dtype": "float16",
    "weight_memory_mb": 1476.35,
    "hidden_size": 1280,
    "num_layers": 36,
    "num_attention_heads": 20,
    "num_kv_heads": 20,
    "head_dim": 64,
    "max_position_embeddings": 1024,
    "vocab_size": 50257,
    "architecture": "GPT2LMHeadModel",
    "warnings": [
      "Config field 'num_key_value_heads' not found (tried fallbacks: ('num_kv_heads',))",
      "num_key_value_heads not found; falling back to num_attention_heads=20",
      "Applied patch: Added get_head_mask() to ProGenPreTrainedModel (removed in transformers 5.x)",
      "Applied patch: Added get_head_mask() to inner transformer model (GPT2Model)"
    ]
  },
  "primary_result": {
    "model_name": "protgpt2",
    "prompt_token_length": 128,
    "max_new_tokens": 512,
    "actual_new_tokens": 512,
    "total_seq_length": 640,
    "batch_size": 1,
    "use_cache": true,
    "method": "manual_prefill_decode",
    "prefill_time_ms": 11.493992002215236,
    "decode_time_ms": 4095.7123149128165,
    "total_time_ms": 4107.21,
    "decode_tokens_per_sec": 124.76,
    "end_to_end_tokens_per_sec": 124.66,
    "per_step_decode_times_ms": [
      8.437,
      8.065,
      8.065,
      7.865,
      8.034,
      7.798,
      8.171,
      7.815,
      7.911,
      7.766,
      7.916,
      7.781,
      7.918,
      7.799,
      7.913,
      7.753,
      7.887,
      7.774,
      7.79,
      7.871,
      7.758,
      8.538,
      8.536,
      7.847,
      7.714,
      7.874,
      7.716,
      7.94,
      7.71,
      7.912,
      7.74,
      8.004,
      7.771,
      8.106,
      7.768,
      8.654,
      7.884,
      8.114,
      7.841,
      8.082,
      7.749,
      7.952,
      7.808,
      7.822,
      8.092,
      7.767,
      8.211,
      7.883,
      8.211,
      7.783,
      8.148,
      7.723,
      8.071,
      7.764,
      8.194,
      7.748,
      8.189,
      7.711,
      7.817,
      7.736,
      7.856,
      7.912,
      7.93,
      7.704,
      7.752,
      7.829,
      7.722,
      7.847,
      7.748,
      7.925,
      7.824,
      7.86,
      7.762,
      7.932,
      7.833,
      7.96,
      8.349,
      7.973,
      7.764,
      7.827,
      7.701,
      7.859,
      7.76,
      7.728,
      7.879,
      7.778,
      8.007,
      7.791,
      7.934,
      7.742,
      7.903,
      7.74,
      7.959,
      7.798,
      7.938,
      7.786,
      7.907,
      7.79,
      7.932,
      7.743,
      7.868,
      8.157,
      8.027,
      8.457,
      8.255,
      8.423,
      8.029,
      8.116,
      7.899,
      8.166,
      7.811,
      8.074,
      7.948,
      8.109,
      7.947,
      8.056,
      7.735,
      8.122,
      7.758,
      7.933,
      7.664,
      7.981,
      7.771,
      7.994,
      7.718,
      8.008,
      7.755,
      7.974,
      7.95,
      8.151,
      8.039,
      8.047,
      8.108,
      8.018,
      8.457,
      8.065,
      8.142,
      7.994,
      8.23,
      7.954,
      8.081,
      7.942,
      8.062,
      8.067,
      8.009,
      8.893,
      8.103,
      7.879,
      7.979,
      7.804,
      8.013,
      7.908,
      8.243,
      7.919,
      8.153,
      7.867,
      8.093,
      7.897,
      8.05,
      7.868,
      8.107,
      7.911,
      8.007,
      8.178,
      7.974,
      8.159,
      7.989,
      7.999,
      7.833,
      8.005,
      7.866,
      8.018,
      7.876,
      7.974,
      7.897,
      8.026,
      7.901,
      7.967,
      7.861,
      8.007,
      7.837,
      8.021,
      7.884,
      7.977,
      7.878,
      7.983,
      7.962,
      8.005,
      7.963,
      8.043,
      8.08,
      7.865,
      7.991,
      7.858,
      7.985,
      7.887,
      8.037,
      7.884,
      8.098,
      7.874,
      8.073,
      7.962,
      8.073,
      8.014,
      8.056,
      7.855,
      8.094,
      7.903,
      8.0,
      7.897,
      8.024,
      7.88,
      8.108,
      8.096,
      8.019,
      7.997,
      7.929,
      8.009,
      7.908,
      7.975,
      7.907,
      7.993,
      7.972,
      8.108,
      7.896,
      8.166,
      8.195,
      8.253,
      8.281,
      8.377,
      8.164,
      8.423,
      8.226,
      8.21,
      8.191,
      8.126,
      8.133,
      8.086,
      8.271,
      8.699,
      12.127,
      10.802,
      10.4,
      8.381,
      8.356,
      8.018,
      8.073,
      7.926,
      8.067,
      8.093,
      8.05,
      7.946,
      8.032,
      7.963,
      7.98,
      7.933,
      8.055,
      7.873,
      8.059,
      7.959,
      7.963,
      7.975,
      7.982,
      8.122,
      7.942,
      8.231,
      7.977,
      8.153,
      7.978,
      8.213,
      7.917,
      8.12,
      7.934,
      8.083,
      8.451,
      8.209,
      7.939,
      8.16,
      7.959,
      8.114,
      7.93,
      8.057,
      7.924,
      8.042,
      7.843,
      8.045,
      7.871,
      8.038,
      7.859,
      8.115,
      7.941,
      7.902,
      7.966,
      7.871,
      8.027,
      7.911,
      8.08,
      7.993,
      8.145,
      7.992,
      8.274,
      8.0,
      8.103,
      7.923,
      8.057,
      7.87,
      8.054,
      7.859,
      8.065,
      7.864,
      8.031,
      7.938,
      8.08,
      7.913,
      8.046,
      8.164,
      8.094,
      8.077,
      8.121,
      8.171,
      8.144,
      7.953,
      7.944,
      8.046,
      7.963,
      8.112,
      7.916,
      8.033,
      7.9,
      8.004,
      7.856,
      8.016,
      7.838,
      8.021,
      7.812,
      8.036,
      7.896,
      8.027,
      7.865,
      8.053,
      7.86,
      8.061,
      7.869,
      8.059,
      7.875,
      8.069,
      7.889,
      7.882,
      8.219,
      8.162,
      8.275,
      8.153,
      8.181,
      8.152,
      8.109,
      8.032,
      8.206,
      7.945,
      8.131,
      7.906,
      8.09,
      7.878,
      8.057,
      7.924,
      8.102,
      7.901,
      7.995,
      7.839,
      8.016,
      7.875,
      8.066,
      7.933,
      8.079,
      8.178,
      8.003,
      8.045,
      8.033,
      7.919,
      7.899,
      7.978,
      7.977,
      7.979,
      7.81,
      7.997,
      8.118,
      8.044,
      7.876,
      8.052,
      7.888,
      8.003,
      7.863,
      8.003,
      7.89,
      8.02,
      7.843,
      8.033,
      7.879,
      8.001,
      7.861,
      8.013,
      7.931,
      8.076,
      8.113,
      7.914,
      8.051,
      7.934,
      8.139,
      7.917,
      8.043,
      7.886,
      7.987,
      7.868,
      7.985,
      7.855,
      8.03,
      7.838,
      8.06,
      7.869,
      8.032,
      7.874,
      8.245,
      7.914,
      8.136,
      7.922,
      8.221,
      8.056,
      8.07,
      7.866,
      8.084,
      7.867,
      7.995,
      7.923,
      7.887,
      7.999,
      7.893,
      8.086,
      7.944,
      8.011,
      7.946,
      8.072,
      7.986,
      8.068,
      7.878,
      8.204,
      8.022,
      8.132,
      7.947,
      8.081,
      7.901,
      8.085,
      7.943,
      8.035,
      7.943,
      8.062,
      7.826,
      8.055,
      7.964,
      7.92,
      8.233,
      7.929,
      8.164,
      7.854,
      8.116,
      7.85,
      7.991,
      7.853,
      7.989,
      7.829,
      8.056,
      7.965,
      8.033,
      7.85,
      8.093,
      8.044,
      8.109,
      8.089,
      8.139,
      8.267,
      8.102,
      8.244,
      8.169,
      8.126,
      8.03,
      8.046,
      7.949,
      7.961,
      8.628,
      7.861,
      7.94,
      8.19,
      7.92,
      7.948,
      7.9,
      8.09,
      7.931,
      8.222,
      7.864,
      8.261,
      8.157,
      8.192,
      7.98,
      8.235,
      8.141,
      8.194,
      7.877,
      8.177,
      7.889,
      8.207,
      7.881,
      8.151,
      7.852
    ],