{
  "metadata": {
    "name": "protgpt2",
    "hf_path": "nferruz/ProtGPT2",
    "hf_path_attempted": [],
    "hf_path_loaded": "nferruz/ProtGPT2",
    "param_count": 774030080,
    "param_count_str": "774.0M",
    "dtype": "float16",
    "weight_memory_mb": 1476.35,
    "hidden_size": 1280,
    "num_layers": 36,
    "num_attention_heads": 20,
    "num_kv_heads": 20,
    "head_dim": 64,
    "max_position_embeddings": 1024,
    "vocab_size": 50257,
    "architecture": "GPT2LMHeadModel",
    "warnings": [
      "Config field 'num_key_value_heads' not found (tried fallbacks: ('num_kv_heads',))",
      "num_key_value_heads not found; falling back to num_attention_heads=20",
      "Applied patch: Added get_head_mask() to ProGenPreTrainedModel (removed in transformers 5.x)",
      "Applied patch: Added get_head_mask() to inner transformer model (GPT2Model)"
    ]
  },
  "primary_result": {
    "model_name": "protgpt2",
    "prompt_token_length": 64,
    "max_new_tokens": 128,
    "actual_new_tokens": 128,
    "total_seq_length": 192,
    "batch_size": 1,
    "use_cache": true,
    "method": "manual_prefill_decode",
    "prefill_time_ms": 10.627678013406694,
    "decode_time_ms": 1016.9747770705726,
    "total_time_ms": 1027.6,
    "decode_tokens_per_sec": 124.88,
    "end_to_end_tokens_per_sec": 124.56,
    "per_step_decode_times_ms": [
      8.002,
      7.872,
      7.922,
      7.877,
      7.966,
      7.773,
      7.927,
      7.755,
      7.973,
      7.88,
      8.003,
      7.775,
      7.947,
      7.804,
      7.974,
      7.848,
      7.956,
      7.797,
      8.181,
      7.813,
      7.86,
      7.97,
      7.876,
      7.897,
      7.823,
      7.944,
      7.837,
      7.899,
      7.99,
      7.92,
      7.773,
      7.949,
      7.835,
      7.905,
      7.735,
      7.909,
      7.755,
      7.92,
      8.278,
      8.115,
      7.887,
      7.829,
      7.978,
      7.823,
      7.883,
      7.811,
      8.001,
      7.844,
      8.025,
      7.724,
      7.969,
      7.915,
      8.03,
      8.034,
      7.945,
      7.832,
      7.992,
      7.823,
      7.961,
      7.817,
      8.037,
      8.087,
      7.914,
      11.187,
      9.103,
      8.36,
      9.105,
      8.093,
      8.287,
      7.971,
      8.152,
      7.929,
      8.353,
      7.849,
      8.016,
      7.894,
      7.97,
      7.812,
      7.992,
      7.842,
      7.996,
      7.824,
      7.857,
      7.963,
      7.916,
      8.043,
      8.033,
      8.273,
      8.406,
      8.413,
      8.328,
      8.246,
      8.047,
      8.276,
      8.081,
      8.044,
      7.84,
      8.008,
      8.049,
      8.281,
      8.005,
      8.017,
      7.804,
      8.035,
      7.839,
      8.038,
      7.866,
      7.981,
      7.846,
      8.17,
      7.876,
      8.14,
      7.8,
      8.328,
      7.939,
      8.042,
      8.034,
      7.909,
      7.906,
      7.833,
      7.99,
      7.806,
      7.971,
      7.882,
      7.958,
      7.797,
      7.926
    ],
    "memory_after_load": {
      "allocated_mb": 1485.470703125,
      "reserved_mb": 1618.0,
      "max_allocated_mb": 1485.470703125,
      "max_reserved_mb": 1618.0
    },
    "memory_after_prefill": {
      "allocated_mb": 1502.8564453125,
      "reserved_mb": 1654.0,
      "max_allocated_mb": 1503.01220703125,
      "max_reserved_mb": 1654.0
    },
    "memory_peak": {
      "allocated_mb": 1519.20361328125,
      "reserved_mb": 1676.0,
      "max_allocated_mb": 1519.6845703125,
      "max_reserved_mb": 1676.0
    },
    "theoretical_kv_cache": {
      "total_mb": 33.75,
      "per_token_mb": 0.1758,
      "as_pct_of_weights": 2.29,
      "growth_per_100_tokens_mb": 17.58,
      "seq_len_used": 192
    },
    "observed_peak_allocated_mb": 1519.68,
    "observed_peak_reserved_mb": 1676.0,
    "error": null,
    "warnings": []
  },
  "secondary_result": {
    "model_name": "protgpt2",
    "prompt_token_length": 64,
    "max_new_tokens": 128,
    "actual_new_tokens": 7,
    "total_seq_length": 71,
    "batch_size": 1,
    "use_cache": true,
    "method": "generate_api",
    "prefill_time_ms": null,
    "decode_time_ms": null,
    "total_time_ms": 60.68,
    "decode_tokens_per_sec": 0.0,
    "end_to_end_tokens_per_sec": 115.36,
    "per_step_decode_times_ms": [],
    "memory_after_load": {
      "allocated_mb": 1485.470703125,
      "reserved_mb": 1618.0,
      "max_allocated_mb": 1485.470703125,
      "max_reserved_mb": 1618.0
    },
    "memory_after_prefill": null,
    "memory_peak": {
      "allocated_mb": 1485.4716796875,
      "reserved_mb": 1634.0,
      "max_allocated_mb": 1500.1611328125,
      "max_reserved_mb": 1634.0
    },
    "theoretical_kv_cache": {
      "total_mb": 12.48,
      "per_token_mb": 0.1758,
      "as_pct_of_weights": 0.85,
      "growth_per_100_tokens_mb": 17.58,
      "seq_len_used": 71
    },
    "observed_peak_allocated_mb": 1500.16,
    "observed_peak_reserved_mb": 1634.0,
    "error": null,
    "warnings": []
  },
  "theoretical_kv_upper_bound": {
    "total_mb": 33.75,
    "total_bytes": 35389440,
    "per_token_mb": 0.1758,
    "as_pct_of_weights": 2.29,
    "growth_per_100_tokens_mb": 17.58,
    "seq_len_used": 192,
    "label": "upper_bound_at_configured_max"
  }
}