{
  "metadata": {
    "name": "protgpt2",
    "hf_path": "nferruz/ProtGPT2",
    "hf_path_attempted": [],
    "hf_path_loaded": "nferruz/ProtGPT2",
    "param_count": 774030080,
    "param_count_str": "774.0M",
    "dtype": "float16",
    "weight_memory_mb": 1476.35,
    "hidden_size": 1280,
    "num_layers": 36,
    "num_attention_heads": 20,
    "num_kv_heads": 20,
    "head_dim": 64,
    "max_position_embeddings": 1024,
    "vocab_size": 50257,
    "architecture": "GPT2LMHeadModel",
    "warnings": [
      "Config field 'num_key_value_heads' not found (tried fallbacks: ('num_kv_heads',))",
      "num_key_value_heads not found; falling back to num_attention_heads=20",
      "Applied patch: Added get_head_mask() to ProGenPreTrainedModel (removed in transformers 5.x)",
      "Applied patch: Added get_head_mask() to inner transformer model (GPT2Model)"
    ]
  },
  "primary_result": {
    "model_name": "protgpt2",
    "prompt_token_length": 16,
    "max_new_tokens": 512,
    "actual_new_tokens": 512,
    "total_seq_length": 528,
    "batch_size": 1,
    "use_cache": true,
    "method": "manual_prefill_decode",
    "prefill_time_ms": 10.195747017860413,
    "decode_time_ms": 4077.7865879936144,
    "total_time_ms": 4087.98,
    "decode_tokens_per_sec": 125.31,
    "end_to_end_tokens_per_sec": 125.25,
    "per_step_decode_times_ms": [
      8.096,
      8.367,
      8.002,
      8.126,
      7.77,
      8.002,
      7.82,
      7.898,
      7.833,
      7.945,
      7.815,
      8.169,
      7.85,
      7.925,
      7.796,
      7.983,
      7.859,
      7.935,
      7.841,
      7.813,
      8.047,
      8.024,
      8.085,
      7.79,
      8.278,
      7.993,
      8.123,
      7.814,
      8.043,
      7.725,
      8.386,
      7.793,
      8.141,
      7.816,
      8.047,
      7.748,
      8.009,
      7.854,
      8.113,
      7.965,
      7.996,
      7.741,
      8.0,
      7.77,
      7.812,
      7.92,
      7.762,
      8.023,
      8.186,
      8.272,
      8.463,
      8.309,
      8.206,
      8.107,
      7.985,
      8.112,
      8.067,
      8.345,
      8.523,
      8.098,
      7.843,
      7.99,
      7.768,
      8.118,
      7.871,
      8.021,
      8.005,
      8.122,
      7.813,
      8.025,
      7.768,
      8.038,
      7.823,
      7.999,
      7.802,
      8.374,
      7.795,
      7.967,
      7.861,
      7.767,
      8.024,
      7.746,
      7.991,
      7.729,
      8.06,
      7.772,
      8.216,
      7.789,
      8.068,
      7.8,
      8.177,
      7.779,
      8.029,
      7.775,
      7.988,
      7.727,
      7.803,
      7.903,
      7.839,
      7.906,
      7.79,
      8.26,
      7.742,
      7.973,
      7.751,
      8.08,
      7.777,
      8.022,
      7.732,
      8.074,
      7.744,
      7.967,
      7.696,
      8.008,
      7.872,
      8.101,
      7.749,
      7.767,
      7.853,
      8.032,
      8.202,
      7.883,
      8.03,
      7.907,
      7.983,
      7.97,
      8.018,
      7.86,
      8.002,
      7.774,
      8.058,
      7.788,
      8.047,
      7.71,
      8.006,
      7.728,
      7.944,
      7.66,
      7.958,
      7.8,
      7.76,
      7.961,
      7.948,
      8.011,
      7.881,
      8.031,
      7.987,
      8.533,
      7.951,
      8.07,
      7.851,
      8.022,
      7.877,
      8.098,
      7.98,
      8.281,
      7.842,
      7.983,
      7.716,
      7.965,
      7.75,
      8.04,
      7.85,
      7.962,
      7.806,
      7.748,
      8.007,
      7.756,
      7.911,
      7.712,
      8.007,
      7.749,
      8.022,
      7.796,
      8.187,
      7.896,
      8.334,
      7.92,
      8.322,
      7.778,
      8.315,
      7.903,
      8.232,
      7.848,
      8.17,
      7.767,
      8.212,
      7.785,
      8.499,
      7.99,
      7.84,
      7.963,
      7.869,
      7.935,
      7.783,
      7.969,
      7.782,
      8.002,
      7.786,
      8.03,
      7.762,
      8.023,
      7.762,
      7.949,
      7.772,
      7.956,
      7.76,
      7.987,
      7.789,
      7.884,
      7.761,
      7.88,
      7.902,
      7.771,
      7.935,
      7.742,
      7.927,
      7.771,
      7.949,
      7.752,
      7.924,
      7.762,
      7.953,
      7.755,
      7.94,
      7.734,
      7.988,
      7.728,
      7.922,
      7.823,
      7.844,
      7.953,
      7.804,
      7.945,
      7.804,
      7.938,
      7.783,
      8.007,
      7.826,
      7.973,
      7.956,
      8.131,
      7.973,
      8.21,
      7.955,
      8.159,
      7.949,
      8.157,
      7.959,
      8.184,
      7.951,
      8.171,
      7.938,
      8.435,
      8.014,
      8.265,
      8.046,
      9.428,
      8.141,
      8.192,
      7.945,
      8.287,
      8.015,
      8.372,
      7.969,
      7.99,
      7.999,
      7.967,
      8.051,
      7.955,
      8.152,
      7.987,
      8.114,
      7.94,
      8.126,
      7.933,
      8.143,
      7.99,
      8.171,
      7.972,
      8.236,
      8.094,
      8.221,
      7.934,
      8.117,
      7.891,
      8.083,
      7.862,
      8.06,
      7.881,
      8.088,
      7.902,
      8.153,
      7.946,
      8.186,
      7.947,
      8.058,
      8.012,
      8.092,
      8.465,
      8.15,
      8.425,
      8.154,
      8.183,
      8.025,
      8.181,
      8.085,
      8.318,
      8.093,
      8.235,
      8.017,
      8.179,
      7.984,
      8.207,
      7.965,
      8.164,
      7.957,
      8.293,
      7.903,
      8.414,
      7.882,
      8.007,
      7.86,
      8.037,
      7.849,
      8.075,
      7.958,
      8.068,
      7.913,
      8.063,
      7.899,
      8.131,
      8.086,
      8.27,
      8.045,
      8.257,
      7.88,
      7.88,
      7.97,
      7.909,
      8.103,
      7.991,
      8.148,
      7.897,
      8.142,
      7.889,
      8.168,
      7.89,
      8.132,
      7.916,
      8.197,
      7.92,
      8.263,
      7.875,
      8.287,
      8.092,
      8.457,
      8.02,
      8.413,
      8.034,
      8.286,
      8.01,
      8.103,
      7.935,
      8.144,
      7.963,
      8.086,
      7.87,
      8.035,
      7.954,
      7.912,
      7.923,
      7.923,
      8.034,
      7.883,
      8.06,
      7.894,
      8.076,
      7.926,
      8.063,
      7.909,
      8.137,
      8.034,
      8.813,
      8.08,
      8.129,
      7.98,
      8.08,
      7.93,
      8.136,
      8.03,
      8.083,
      7.9,
      8.047,
      7.893,
      7.977,
      7.787,
      8.021,
      7.82,
      8.03,
      7.917,
      7.9,
      7.946,
      7.861,
      8.075,
      7.891,
      8.036,
      7.888,
      7.955,
      7.943,
      8.126,
      7.912,
      8.062,
      7.839,
      8.047,
      7.88,
      8.006,
      7.881,
      7.959,
      7.846,
      8.083,
      7.825,
      8.201,
      8.094,
      8.196,
      8.136,
      7.964,
      8.019,
      7.909,
      7.963,
      7.897,
      8.073,
      7.898,
      8.086,
      7.8,
      8.099,
      7.763,
      7.94,
      7.786,
      7.909,
      7.76,
      7.942,
      7.787,
      7.887,
      7.775,
      7.873,
      7.851,
      7.949,
      7.846,
      7.83,
      7.894,
      7.766,
      7.876,
      7.773,
      7.923,
      7.746,
      7.935,
      7.827,
      7.916,
      7.77,
      7.946,
      7.756,
      7.879,
      7.782,
      8.041,
      7.828,
      8.09,
      7.841,
      7.979,
      7.938,
      7.837,
      8.015,
      7.848,
      7.991,
      7.927,
      7.998,
      7.829,
      7.996,
      7.865,
      8.028,
      7.854,
      8.02,
      7.832,
      8.014,
      7.834,
      7.973,
      7.813,
      7.981,
      7.872,
      7.859,
      7.888,
      7.798,
      7.912,
      7.779,
      7.961,
      7.882,
      8.238,
      8.161,
      8.017,
      8.148,
      8.064,
      8.028,
      8.037,
      7.836,
      8.121,
      7.977,
      8.09,
      7.892,
      7.99,
      7.825,
      7.945
    ],
    "memory_after_load": {
      "allocated_mb": 1485.470703125,