{
  "metadata": {
    "name": "protgpt2",
    "hf_path": "nferruz/ProtGPT2",
    "hf_path_attempted": [],
    "hf_path_loaded": "nferruz/ProtGPT2",
    "param_count": 774030080,
    "param_count_str": "774.0M",
    "dtype": "float16",
    "weight_memory_mb": 1476.35,
    "hidden_size": 1280,
    "num_layers": 36,
    "num_attention_heads": 20,
    "num_kv_heads": 20,
    "head_dim": 64,
    "max_position_embeddings": 1024,
    "vocab_size": 50257,
    "architecture": "GPT2LMHeadModel",
    "warnings": [
      "Config field 'num_key_value_heads' not found (tried fallbacks: ('num_kv_heads',))",
      "num_key_value_heads not found; falling back to num_attention_heads=20",
      "Applied patch: Added get_head_mask() to ProGenPreTrainedModel (removed in transformers 5.x)",
      "Applied patch: Added get_head_mask() to inner transformer model (GPT2Model)"
    ]
  },
  "primary_result": {
    "model_name": "protgpt2",
    "prompt_token_length": 256,
    "max_new_tokens": 512,
    "actual_new_tokens": 512,
    "total_seq_length": 768,
    "batch_size": 1,
    "use_cache": true,
    "method": "manual_prefill_decode",
    "prefill_time_ms": 13.3445399987977,
    "decode_time_ms": 4108.487642835826,
    "total_time_ms": 4121.83,
    "decode_tokens_per_sec": 124.38,
    "end_to_end_tokens_per_sec": 124.22,
    "per_step_decode_times_ms": [
      8.287,
      8.289,
      8.02,
      8.089,
      7.961,
      8.102,
      7.865,
      7.977,
      7.89,
      7.995,
      7.867,
      8.008,
      7.882,
      8.003,
      7.913,
      8.073,
      7.966,
      9.057,
      7.912,
      8.347,
      7.92,
      8.714,
      8.431,
      8.37,
      8.059,
      8.072,
      7.862,
      8.127,
      7.93,
      8.146,
      7.876,
      7.996,
      7.89,
      7.986,
      7.856,
      8.007,
      7.921,
      7.886,
      8.01,
      9.019,
      7.968,
      7.873,
      7.919,
      8.091,
      8.159,
      8.307,
      8.452,
      8.457,
      8.363,
      8.419,
      8.245,
      8.102,
      8.117,
      7.868,
      7.999,
      7.861,
      7.98,
      7.856,
      7.967,
      7.865,
      8.0,
      7.82,
      7.945,
      7.854,
      8.032,
      7.896,
      8.244,
      8.122,
      8.197,
      7.865,
      8.0,
      7.838,
      7.994,
      8.136,
      7.985,
      7.939,
      7.999,
      7.955,
      8.105,
      8.586,
      7.962,
      8.155,
      7.885,
      8.191,
      7.856,
      7.995,
      7.835,
      7.998,
      7.9,
      7.983,
      7.898,
      7.927,
      7.869,
      7.959,
      7.857,
      7.938,
      7.894,
      7.984,
      7.86,
      8.212,
      7.894,
      7.855,
      7.932,
      7.889,
      8.077,
      8.133,
      7.969,
      7.886,
      7.951,
      7.912,
      8.039,
      7.966,
      8.269,
      7.971,
      8.659,
      7.943,
      8.113,
      7.91,
      8.084,
      7.904,
      7.995,
      7.881,
      7.99,
      7.846,
      7.981,
      7.9,
      8.02,
      7.836,
      8.109,
      8.041,
      7.886,
      8.215,
      8.231,
      8.077,
      8.046,
      8.003,
      8.156,
      8.213,
      9.818,
      8.65,
      8.795,
      7.969,
      7.898,
      7.889,
      7.898,
      8.036,
      7.884,
      8.085,
      7.953,
      8.107,
      7.955,
      8.33,
      7.963,
      8.153,
      7.857,
      7.998,
      7.862,
      7.964,
      7.864,
      8.02,
      7.855,
      7.977,
      8.019,
      8.103,
      7.939,
      8.042,
      7.801,
      8.019,
      8.018,
      7.953,
      8.234,
      8.29,
      8.184,
      8.187,
      8.075,
      8.202,
      7.934,
      7.868,
      8.038,
      7.875,
      8.053,
      8.431,
      8.049,
      8.316,
      8.145,
      8.515,
      8.085,
      8.017,
      8.091,
      7.894,
      8.478,
      8.1,
      8.386,
      7.898,
      8.015,
      7.813,
      7.983,
      7.856,
      8.036,
      7.842,
      7.989,
      7.883,
      8.055,
      8.063,
      7.958,
      8.007,
      8.011,
      7.991,
      7.815,
      7.967,
      7.88,
      8.009,
      7.92,
      8.135,
      7.894,
      8.119,
      7.865,
      8.06,
      7.9,
      8.019,
      7.852,
      8.044,
      7.983,
      7.934,
      7.804,
      7.877,
      7.872,
      7.909,
      7.849,
      7.954,
      7.831,
      7.809,
      8.015,
      7.808,
      8.125,
      7.814,
      8.231,
      7.875,
      8.199,
      7.853,
      8.287,
      7.927,
      8.409,
      7.897,
      8.178,
      7.834,
      8.065,
      7.784,
      8.103,
      7.785,
      8.16,
      7.885,
      8.155,
      7.851,
      8.148,
      7.804,
      8.085,
      7.87,
      8.172,
      8.008,
      7.846,
      7.84,
      7.923,
      7.856,
      7.971,
      7.855,
      7.825,
      7.873,
      7.808,
      7.889,
      7.835,
      7.844,
      7.824,
      7.877,
      7.86,
      7.9,
      7.817,
      7.853,
      7.854,
      7.851,
      7.948,
      7.907,
      8.004,
      7.986,
      7.935,
      7.88,
      7.839,
      7.893,
      7.889,
      7.869,
      7.922,
      7.907,
      8.129,
      8.068,
      8.638,
      8.291,
      8.346,
      8.423,
      8.302,
      7.965,
      8.126,
      7.883,
      7.86,
      8.138,
      7.874,
      8.01,
      8.09,
      8.032,
      8.127,
      7.89,
      7.845,
      7.96,
      7.836,
      8.002,
      7.853,
      8.062,
      8.093,
      8.008,
      7.831,
      8.123,
      7.866,
      8.077,
      7.882,
      8.226,
      8.05,
      8.116,
      7.924,
      7.992,
      7.91,
      8.01,
      7.96,
      8.002,
      7.919,
      8.011,
      7.971,
      8.097,
      8.176,
      7.86,
      8.257,
      7.874,
      8.269,
      7.9,
      7.988,
      8.086,
      8.146,
      8.26,
      8.111,
      8.026,
      8.046,
      7.882,
      8.023,
      7.829,
      7.979,
      7.901,
      8.124,
      7.893,
      7.952,
      7.841,
      8.542,
      7.884,
      7.954,
      7.852,
      7.945,
      7.927,
      7.984,
      7.913,
      7.865,
      7.857,
      7.863,
      8.137,
      7.996,
      8.908,
      7.999,
      8.243,
      7.928,
      8.257,
      7.933,
      8.291,
      7.892,
      8.251,
      7.926,
      8.028,
      7.936,
      8.078,
      7.967,
      8.08,
      8.001,
      8.245,
      7.963,
      8.089,
      7.891,
      8.133,
      8.117,
      8.113,
      8.112,
      8.356,
      8.095,
      8.128,
      7.987,
      8.175,
      8.045,
      8.229,
      7.929,
      8.301,
      8.036,
      7.933,
      7.974,
      7.949,
      8.08,
      7.924,
      8.021,
      8.113,
      8.096,
      7.965,
      8.083,
      7.975,
      8.209,
      8.004,
      8.464,
      8.16,
      8.655,
      8.075,
      8.253,
      8.044,
      8.114,
      7.951,
      8.535,
      7.926,
      8.095,
      7.888,
      8.193,
      7.92,
      8.058,
      7.855,
      8.24,
      7.935,
      8.166,
      7.956,
      8.394,
      8.099,
      8.251,
      8.026,
      8.343,
      7.969,
      8.072,
      7.941,
      7.881,
      7.978,
      7.834,
      8.115,
      8.06,
      8.133,
      7.912,
      8.327,
      7.875,
      8.144,
      7.89,
      8.17,
      8.093,
      8.179,
      7.873,
      8.184,
      7.882,
      8.226,
      7.868,
      8.145,
      8.069,
      8.155,
      8.122,
      8.303,
      8.055,
      8.174,
      8.061,
      8.17,
      8.125,
      8.149,
      7.884,
      8.076,
      7.872,
      7.808,
      7.947,
      7.835,
      8.553,
      8.064,
      8.181,
      7.907,
      8.382,
      7.892,
      8.348,
      7.967,
      8.565,
      7.967,
      8.17,
      7.846,
      8.237,
      7.876,
      8.447,
      7.871,
      8.295,
      8.003,
      8.228,
      7.928,
      8.202,
      7.957,
      8.101,
      7.899,
      8.267,
      7.875,
      8.058,
      7.886,
      8.177
    ],