{
  "metadata": {
    "name": "protgpt2",
    "hf_path": "nferruz/ProtGPT2",
    "hf_path_attempted": [],
    "hf_path_loaded": "nferruz/ProtGPT2",
    "param_count": 774030080,
    "param_count_str": "774.0M",
    "dtype": "float16",
    "weight_memory_mb": 1476.35,
    "hidden_size": 1280,
    "num_layers": 36,
    "num_attention_heads": 20,
    "num_kv_heads": 20,
    "head_dim": 64,
    "max_position_embeddings": 1024,
    "vocab_size": 50257,
    "architecture": "GPT2LMHeadModel",
    "warnings": [
      "Config field 'num_key_value_heads' not found (tried fallbacks: ('num_kv_heads',))",
      "num_key_value_heads not found; falling back to num_attention_heads=20",
      "Applied patch: Added get_head_mask() to ProGenPreTrainedModel (removed in transformers 5.x)",
      "Applied patch: Added get_head_mask() to inner transformer model (GPT2Model)"
    ]
  },
  "primary_result": {
    "model_name": "protgpt2",
    "prompt_token_length": 64,
    "max_new_tokens": 256,
    "actual_new_tokens": 256,
    "total_seq_length": 320,
    "batch_size": 1,
    "use_cache": true,
    "method": "manual_prefill_decode",
    "prefill_time_ms": 10.71068798773922,
    "decode_time_ms": 2036.5247823647223,
    "total_time_ms": 2047.24,
    "decode_tokens_per_sec": 125.21,
    "end_to_end_tokens_per_sec": 125.05,
    "per_step_decode_times_ms": [
      8.171,
      7.92,
      7.981,
      7.897,
      7.955,
      7.783,
      7.933,
      7.781,
      7.983,
      7.997,
      7.918,
      7.848,
      7.747,
      7.919,
      7.74,
      7.954,
      7.749,
      8.701,
      8.052,
      7.887,
      7.762,
      7.912,
      7.691,
      7.831,
      7.718,
      7.946,
      7.811,
      8.047,
      7.961,
      8.227,
      7.865,
      8.179,
      7.877,
      8.12,
      7.916,
      7.801,
      7.847,
      7.814,
      8.376,
      8.063,
      8.572,
      8.068,
      8.352,
      7.895,
      8.146,
      7.858,
      8.107,
      7.876,
      7.979,
      7.807,
      7.95,
      7.797,
      7.923,
      7.909,
      7.868,
      7.704,
      7.853,
      7.76,
      7.927,
      7.772,
      7.791,
      8.147,
      7.708,
      7.887,
      7.78,
      8.0,
      7.818,
      7.953,
      7.777,
      7.972,
      7.801,
      8.019,
      8.093,
      8.094,
      7.967,
      7.99,
      7.805,
      8.004,
      7.802,
      7.904,
      7.862,
      7.852,
      7.955,
      7.792,
      7.885,
      7.822,
      7.928,
      7.838,
      7.983,
      7.762,
      8.06,
      7.825,
      7.961,
      7.858,
      7.971,
      7.856,
      7.938,
      7.872,
      8.198,
      8.208,
      8.11,
      7.961,
      7.961,
      7.926,
      7.79,
      7.892,
      7.882,
      7.97,
      7.814,
      7.892,
      7.751,
      7.893,
      7.728,
      7.871,
      7.756,
      7.952,
      7.744,
      7.916,
      7.809,
      7.933,
      7.837,
      7.946,
      7.867,
      7.889,
      7.916,
      7.785,
      7.966,
      7.787,
      7.994,
      7.806,
      8.015,
      7.852,
      7.951,
      7.824,
      7.996,
      7.827,
      8.033,
      7.795,
      8.217,
      7.84,
      8.512,
      7.937,
      8.129,
      7.849,
      7.912,
      7.885,
      7.859,
      7.958,
      7.816,
      8.046,
      7.792,
      8.005,
      7.769,
      7.994,
      7.825,
      8.096,
      7.79,
      8.035,
      7.846,
      8.018,
      7.83,
      8.014,
      7.78,
      8.26,
      7.991,
      8.581,
      8.217,
      8.493,
      7.987,
      8.255,
      8.344,
      8.297,
      7.868,
      8.061,
      7.901,
      7.816,
      8.025,
      7.796,
      8.051,
      7.787,
      8.124,
      7.824,
      8.082,
      7.777,
      8.057,
      7.786,
      8.08,
      7.836,
      8.105,
      8.0,
      8.116,
      7.903,
      8.216,
      8.016,
      8.182,
      7.901,
      8.24,
      7.924,
      8.233,
      7.896,
      8.211,
      7.955,
      7.982,
      8.126,
      8.004,
      8.137,
      8.134,
      8.158,
      8.091,
      9.069,
      8.055,
      8.255,
      8.008,
      8.112,
      7.931,
      8.169,
      7.905,
      8.17,
      7.847,
      8.214,
      8.186,
      8.412,
      7.962,
      8.165,
      7.968,
      8.232,
      7.951,
      8.279,
      7.943,
      8.233,
      7.926,
      8.297,
      7.951,
      8.305,
      7.899,
      8.324,
      7.967,
      8.209,
      7.892,
      8.392,
      7.945,
      8.311,
      7.917,
      8.392,
      7.973,
      8.186,
      7.987,
      8.245,
      8.012,
      8.177,
      8.07,
      8.11,
      8.073,
      8.015,
      8.124
    ],
    "memory_after_load": {
      "allocated_mb": 1485.470703125,
      "reserved_mb": 1618.0,
      "max_allocated_mb": 1485.470703125,
      "max_reserved_mb": 1618.0
    },
    "memory_after_prefill": {
      "allocated_mb": 1502.8564453125,
      "reserved_mb": 1654.0,
      "max_allocated_mb": 1503.01220703125,
      "max_reserved_mb": 1654.0
    },
    "memory_peak": {
      "allocated_mb": 1541.76611328125,
      "reserved_mb": 1712.0,
      "max_allocated_mb": 1542.5595703125,
      "max_reserved_mb": 1712.0
    },
    "theoretical_kv_cache": {
      "total_mb": 56.25,
      "per_token_mb": 0.1758,
      "as_pct_of_weights": 3.81,
      "growth_per_100_tokens_mb": 17.58,
      "seq_len_used": 320
    },
    "observed_peak_allocated_mb": 1542.56,
    "observed_peak_reserved_mb": 1712.0,
    "error": null,
    "warnings": []
  },
  "secondary_result": {
    "model_name": "protgpt2",
    "prompt_token_length": 64,
    "max_new_tokens": 256,
    "actual_new_tokens": 7,
    "total_seq_length": 71,
    "batch_size": 1,
    "use_cache": true,
    "method": "generate_api",
    "prefill_time_ms": null,
    "decode_time_ms": null,
    "total_time_ms": 61.34,
    "decode_tokens_per_sec": 0.0,
    "end_to_end_tokens_per_sec": 114.12,
    "per_step_decode_times_ms": [],
    "memory_after_load": {
      "allocated_mb": 1485.470703125,
      "reserved_mb": 1618.0,
      "max_allocated_mb": 1485.470703125,
      "max_reserved_mb": 1618.0
    },
    "memory_after_prefill": null,
    "memory_peak": {
      "allocated_mb": 1485.4716796875,
      "reserved_mb": 1634.0,
      "max_allocated_mb": 1500.1611328125,
      "max_reserved_mb": 1634.0
    },
    "theoretical_kv_cache": {
      "total_mb": 12.48,
      "per_token_mb": 0.1758,
      "as_pct_of_weights": 0.85,
      "growth_per_100_tokens_mb": 17.58,
      "seq_len_used": 71
    },
    "observed_peak_allocated_mb": 1500.16,
    "observed_peak_reserved_mb": 1634.0,
    "error": null,
    "warnings": []
  },
  "theoretical_kv_upper_bound": {
    "total_mb": 56.25,
    "total_bytes": 58982400,
    "per_token_mb": 0.1758,
    "as_pct_of_weights": 3.81,
    "growth_per_100_tokens_mb": 17.58,
    "seq_len_used": 320,
    "label": "upper_bound_at_configured_max"
  }
}