{
  "metadata": {
    "name": "protgpt2",
    "hf_path": "nferruz/ProtGPT2",
    "hf_path_attempted": [],
    "hf_path_loaded": "nferruz/ProtGPT2",
    "param_count": 774030080,
    "param_count_str": "774.0M",
    "dtype": "float16",
    "weight_memory_mb": 1476.35,
    "hidden_size": 1280,
    "num_layers": 36,
    "num_attention_heads": 20,
    "num_kv_heads": 20,
    "head_dim": 64,
    "max_position_embeddings": 1024,
    "vocab_size": 50257,
    "architecture": "GPT2LMHeadModel",
    "warnings": [
      "Config field 'num_key_value_heads' not found (tried fallbacks: ('num_kv_heads',))",
      "num_key_value_heads not found; falling back to num_attention_heads=20",
      "Applied patch: Added get_head_mask() to ProGenPreTrainedModel (removed in transformers 5.x)",
      "Applied patch: Added get_head_mask() to inner transformer model (GPT2Model)"
    ]
  },
  "primary_result": {
    "model_name": "protgpt2",
    "prompt_token_length": 16,
    "max_new_tokens": 128,
    "actual_new_tokens": 128,
    "total_seq_length": 144,
    "batch_size": 1,
    "use_cache": true,
    "method": "manual_prefill_decode",
    "prefill_time_ms": 9.873944014543667,
    "decode_time_ms": 1004.6011261583772,
    "total_time_ms": 1014.48,
    "decode_tokens_per_sec": 126.42,
    "end_to_end_tokens_per_sec": 126.17,
    "per_step_decode_times_ms": [
      7.916,
      7.836,
      7.975,
      7.781,
      7.765,
      7.784,
      7.792,
      7.788,
      7.954,
      7.846,
      7.915,
      7.958,
      7.899,
      7.806,
      7.829,
      7.835,
      7.797,
      8.467,
      8.229,
      7.888,
      7.958,
      7.952,
      7.931,
      7.822,
      7.994,
      7.814,
      7.99,
      7.789,
      7.972,
      7.741,
      8.22,
      7.924,
      8.024,
      7.822,
      7.929,
      7.763,
      7.93,
      7.856,
      7.968,
      8.145,
      8.049,
      7.966,
      7.898,
      7.921,
      7.933,
      7.911,
      7.809,
      8.042,
      8.147,
      8.003,
      7.884,
      7.974,
      7.836,
      7.949,
      7.804,
      7.981,
      7.785,
      8.022,
      8.035,
      7.992,
      7.85,
      7.927,
      7.783,
      8.016,
      7.764,
      7.741,
      7.98,
      7.977,
      7.803,
      7.932,
      7.838,
      7.892,
      7.857,
      7.819,
      7.849,
      7.97,
      7.801,
      7.798,
      7.785,
      7.761,
      7.811,
      7.77,
      7.81,
      7.858,
      7.814,
      7.831,
      7.994,
      7.849,
      7.839,
      7.916,
      7.904,
      8.049,
      7.925,
      8.171,
      7.822,
      7.984,
      7.877,
      7.99,
      8.14,
      7.938,
      7.751,
      8.271,
      7.748,
      7.787,
      7.828,
      7.779,
      7.825,
      7.898,
      7.876,
      7.803,
      7.816,
      7.822,
      7.87,
      7.816,
      7.848,
      7.866,
      9.159,
      7.948,
      8.688,
      8.064,
      7.826,
      7.843,
      7.732,
      7.661,
      7.68,
      7.677,
      7.741
    ],
    "memory_after_load": {
      "allocated_mb": 1485.470703125,
      "reserved_mb": 1618.0,
      "max_allocated_mb": 1485.470703125,
      "max_reserved_mb": 1618.0
    },
    "memory_after_prefill": {
      "allocated_mb": 1490.15869140625,
      "reserved_mb": 1620.0,
      "max_allocated_mb": 1490.197265625,
      "max_reserved_mb": 1620.0
    },
    "memory_peak": {
      "allocated_mb": 1510.76611328125,
      "reserved_mb": 1650.0,
      "max_allocated_mb": 1511.1298828125,
      "max_reserved_mb": 1650.0
    },
    "theoretical_kv_cache": {
      "total_mb": 25.31,
      "per_token_mb": 0.1758,
      "as_pct_of_weights": 1.71,
      "growth_per_100_tokens_mb": 17.58,
      "seq_len_used": 144
    },
    "observed_peak_allocated_mb": 1511.13,
    "observed_peak_reserved_mb": 1650.0,
    "error": null,
    "warnings": []
  },
  "secondary_result": {
    "model_name": "protgpt2",
    "prompt_token_length": 16,
    "max_new_tokens": 128,
    "actual_new_tokens": 11,
    "total_seq_length": 27,
    "batch_size": 1,
    "use_cache": true,
    "method": "generate_api",
    "prefill_time_ms": null,
    "decode_time_ms": null,
    "total_time_ms": 91.15,
    "decode_tokens_per_sec": 0.0,
    "end_to_end_tokens_per_sec": 120.68,
    "per_step_decode_times_ms": [],
    "memory_after_load": {
      "allocated_mb": 1485.470703125,
      "reserved_mb": 1618.0,
      "max_allocated_mb": 1485.470703125,
      "max_reserved_mb": 1618.0
    },
    "memory_after_prefill": null,
    "memory_peak": {
      "allocated_mb": 1485.47119140625,
      "reserved_mb": 1622.0,
      "max_allocated_mb": 1490.52734375,
      "max_reserved_mb": 1622.0
    },
    "theoretical_kv_cache": {
      "total_mb": 4.75,
      "per_token_mb": 0.1758,
      "as_pct_of_weights": 0.32,
      "growth_per_100_tokens_mb": 17.58,
      "seq_len_used": 27
    },
    "observed_peak_allocated_mb": 1490.53,
    "observed_peak_reserved_mb": 1622.0,
    "error": null,
    "warnings": []
  },
  "theoretical_kv_upper_bound": {
    "total_mb": 25.31,
    "total_bytes": 26542080,
    "per_token_mb": 0.1758,
    "as_pct_of_weights": 1.71,
    "growth_per_100_tokens_mb": 17.58,
    "seq_len_used": 144,
    "label": "upper_bound_at_configured_max"
  }
}