{
  "metadata": {
    "name": "protgpt2",
    "hf_path": "nferruz/ProtGPT2",
    "hf_path_attempted": [],
    "hf_path_loaded": "nferruz/ProtGPT2",
    "param_count": 774030080,
    "param_count_str": "774.0M",
    "dtype": "float16",
    "weight_memory_mb": 1476.35,
    "hidden_size": 1280,
    "num_layers": 36,
    "num_attention_heads": 20,
    "num_kv_heads": 20,
    "head_dim": 64,
    "max_position_embeddings": 1024,
    "vocab_size": 50257,
    "architecture": "GPT2LMHeadModel",
    "warnings": [
      "Config field 'num_key_value_heads' not found (tried fallbacks: ('num_kv_heads',))",
      "num_key_value_heads not found; falling back to num_attention_heads=20",
      "Applied patch: Added get_head_mask() to ProGenPreTrainedModel (removed in transformers 5.x)",
      "Applied patch: Added get_head_mask() to inner transformer model (GPT2Model)"
    ]
  },
  "primary_result": {
    "model_name": "protgpt2",
    "prompt_token_length": 256,
    "max_new_tokens": 128,
    "actual_new_tokens": 128,
    "total_seq_length": 384,
    "batch_size": 1,
    "use_cache": true,
    "method": "manual_prefill_decode",
    "prefill_time_ms": 12.960158986970782,
    "decode_time_ms": 1045.7375800760929,
    "total_time_ms": 1058.7,
    "decode_tokens_per_sec": 121.45,
    "end_to_end_tokens_per_sec": 120.9,
    "per_step_decode_times_ms": [
      8.19,
      8.308,
      8.111,
      8.036,
      7.872,
      8.11,
      7.892,
      8.188,
      7.905,
      8.137,
      7.957,
      8.104,
      7.906,
      8.083,
      7.987,
      8.152,
      7.966,
      9.171,
      7.99,
      8.249,
      7.934,
      8.069,
      7.926,
      8.003,
      7.869,
      8.122,
      7.933,
      8.016,
      7.908,
      8.033,
      7.89,
      8.018,
      7.93,
      8.093,
      8.014,
      8.131,
      8.136,
      8.296,
      9.031,
      8.723,
      8.468,
      8.558,
      8.208,
      8.515,
      8.274,
      8.405,
      8.207,
      8.797,
      8.237,
      8.574,
      8.359,
      8.308,
      8.164,
      8.622,
      8.134,
      8.255,
      8.274,
      8.725,
      8.31,
      8.476,
      8.164,
      8.24,
      10.86,
      12.085,
      10.951,
      10.035,
      8.992,
      8.602,
      8.344,
      8.055,
      8.214,
      7.956,
      8.113,
      7.943,
      8.07,
      7.882,
      8.057,
      7.911,
      8.073,
      7.926,
      8.196,
      8.062,
      8.123,
      7.965,
      8.057,
      7.942,
      8.107,
      7.872,
      8.037,
      8.027,
      7.948,
      8.064,
      8.018,
      8.048,
      7.941,
      8.081,
      7.923,
      8.11,
      7.965,
      8.098,
      7.933,
      8.074,
      7.953,
      8.151,
      8.012,
      8.312,
      8.029,
      8.165,
      8.036,
      8.215,
      8.014,
      8.204,
      8.069,
      8.151,
      7.955,
      8.151,
      8.075,
      8.145,
      8.071,
      8.184,
      8.05,
      8.211,
      7.966,
      8.141,
      8.08,
      8.135,
      7.939
    ],
    "memory_after_load": {
      "allocated_mb": 1485.47216796875,
      "reserved_mb": 1618.0,
      "max_allocated_mb": 1485.47216796875,
      "max_reserved_mb": 1618.0
    },
    "memory_after_prefill": {
      "allocated_mb": 1555.01220703125,
      "reserved_mb": 1716.0,
      "max_allocated_mb": 1555.63671875,
      "max_reserved_mb": 1716.0
    },
    "memory_peak": {
      "allocated_mb": 1552.955078125,
      "reserved_mb": 1740.0,
      "max_allocated_mb": 1555.83056640625,
      "max_reserved_mb": 1740.0
    },
    "theoretical_kv_cache": {
      "total_mb": 67.5,
      "per_token_mb": 0.1758,
      "as_pct_of_weights": 4.57,
      "growth_per_100_tokens_mb": 17.58,
      "seq_len_used": 384
    },
    "observed_peak_allocated_mb": 1555.83,
    "observed_peak_reserved_mb": 1740.0,
    "error": null,
    "warnings": []
  },
  "secondary_result": {
    "model_name": "protgpt2",
    "prompt_token_length": 256,
    "max_new_tokens": 128,
    "actual_new_tokens": 25,
    "total_seq_length": 281,
    "batch_size": 1,
    "use_cache": true,
    "method": "generate_api",
    "prefill_time_ms": null,
    "decode_time_ms": null,
    "total_time_ms": 216.56,
    "decode_tokens_per_sec": 0.0,
    "end_to_end_tokens_per_sec": 115.44,
    "per_step_decode_times_ms": [],
    "memory_after_load": {
      "allocated_mb": 1485.47216796875,
      "reserved_mb": 1618.0,
      "max_allocated_mb": 1485.47216796875,
      "max_reserved_mb": 1618.0
    },
    "memory_after_prefill": null,
    "memory_peak": {
      "allocated_mb": 1485.474609375,
      "reserved_mb": 1712.0,
      "max_allocated_mb": 1544.2294921875,
      "max_reserved_mb": 1712.0
    },
    "theoretical_kv_cache": {
      "total_mb": 49.39,
      "per_token_mb": 0.1758,
      "as_pct_of_weights": 3.35,
      "growth_per_100_tokens_mb": 17.58,
      "seq_len_used": 281
    },
    "observed_peak_allocated_mb": 1544.23,
    "observed_peak_reserved_mb": 1712.0,
    "error": null,
    "warnings": []
  },
  "theoretical_kv_upper_bound": {
    "total_mb": 67.5,
    "total_bytes": 70778880,
    "per_token_mb": 0.1758,
    "as_pct_of_weights": 4.57,
    "growth_per_100_tokens_mb": 17.58,
    "seq_len_used": 384,
    "label": "upper_bound_at_configured_max"
  }
}