{
  "metadata": {
    "name": "protgpt2",
    "hf_path": "nferruz/ProtGPT2",
    "hf_path_attempted": [],
    "hf_path_loaded": "nferruz/ProtGPT2",
    "param_count": 774030080,
    "param_count_str": "774.0M",
    "dtype": "float16",
    "weight_memory_mb": 1476.35,
    "hidden_size": 1280,
    "num_layers": 36,
    "num_attention_heads": 20,
    "num_kv_heads": 20,
    "head_dim": 64,
    "max_position_embeddings": 1024,
    "vocab_size": 50257,
    "architecture": "GPT2LMHeadModel",
    "warnings": [
      "Config field 'num_key_value_heads' not found (tried fallbacks: ('num_kv_heads',))",
      "num_key_value_heads not found; falling back to num_attention_heads=20",
      "Applied patch: Added get_head_mask() to ProGenPreTrainedModel (removed in transformers 5.x)",
      "Applied patch: Added get_head_mask() to inner transformer model (GPT2Model)"
    ]
  },
  "primary_result": {
    "model_name": "protgpt2",
    "prompt_token_length": 16,
    "max_new_tokens": 256,
    "actual_new_tokens": 256,
    "total_seq_length": 272,
    "batch_size": 1,
    "use_cache": true,
    "method": "manual_prefill_decode",
    "prefill_time_ms": 9.923164994688705,
    "decode_time_ms": 2014.0814340556972,
    "total_time_ms": 2024.0,
    "decode_tokens_per_sec": 126.61,
    "end_to_end_tokens_per_sec": 126.48,
    "per_step_decode_times_ms": [
      8.151,
      8.016,
      8.165,
      7.905,
      8.08,
      8.061,
      7.999,
      7.814,
      7.944,
      7.889,
      8.123,
      8.168,
      7.823,
      7.824,
      7.951,
      7.887,
      7.767,
      7.836,
      7.794,
      7.837,
      7.8,
      7.99,
      7.811,
      7.841,
      7.812,
      7.992,
      7.793,
      7.747,
      7.779,
      7.737,
      7.914,
      7.84,
      7.829,
      7.825,
      7.762,
      7.743,
      7.81,
      7.848,
      7.936,
      8.014,
      7.794,
      7.869,
      7.777,
      7.779,
      7.869,
      7.794,
      7.841,
      7.807,
      8.046,
      7.864,
      7.891,
      7.823,
      7.873,
      7.84,
      7.83,
      7.843,
      7.805,
      7.804,
      8.022,
      7.823,
      7.83,
      7.834,
      7.839,
      7.797,
      7.811,
      7.794,
      7.978,
      7.796,
      7.804,
      7.84,
      7.842,
      7.828,
      7.826,
      7.913,
      7.842,
      7.98,
      7.835,
      7.811,
      7.781,
      7.832,
      7.768,
      7.774,
      7.829,
      7.772,
      7.838,
      7.883,
      8.01,
      7.821,
      7.798,
      7.811,
      7.806,
      7.78,
      7.821,
      7.851,
      7.797,
      7.866,
      7.973,
      7.896,
      7.88,
      7.851,
      7.896,
      8.168,
      7.825,
      7.847,
      7.803,
      7.815,
      7.872,
      7.791,
      7.85,
      7.854,
      7.894,
      7.88,
      7.769,
      7.819,
      7.854,
      7.88,
      7.854,
      7.866,
      7.915,
      8.066,
      7.962,
      7.898,
      7.853,
      7.852,
      7.884,
      7.923,
      7.853,
      7.882,
      7.886,
      8.027,
      7.859,
      7.847,
      7.868,
      7.861,
      7.848,
      7.853,
      7.898,
      7.829,
      7.846,
      7.854,
      7.828,
      7.873,
      7.895,
      7.892,
      7.834,
      7.824,
      7.865,
      8.39,
      8.018,
      7.955,
      7.86,
      7.907,
      7.871,
      7.9,
      7.855,
      7.841,
      7.947,
      7.886,
      7.977,
      7.835,
      7.916,
      7.92,
      7.868,
      7.875,
      7.841,
      7.86,
      7.814,
      7.85,
      7.838,
      7.794,
      8.02,
      7.934,
      8.043,
      7.872,
      7.993,
      7.884,
      7.913,
      7.878,
      7.824,
      7.868,
      7.889,
      7.865,
      7.876,
      7.826,
      7.877,
      7.854,
      7.873,
      7.801,
      8.422,
      8.106,
      7.854,
      7.802,
      7.818,
      7.785,
      7.876,
      7.915,
      7.863,
      7.833,
      7.884,
      7.885,
      7.842,
      7.847,
      8.051,
      7.871,
      8.012,
      7.849,
      7.961,
      7.875,
      7.86,
      7.86,
      7.893,
      7.887,
      7.878,
      7.842,
      7.846,
      7.859,
      7.803,
      7.852,
      7.827,
      7.808,
      7.809,
      8.146,
      7.839,
      7.969,
      7.815,
      8.031,
      7.813,
      7.761,
      7.838,
      8.15,
      7.832,
      8.051,
      7.939,
      7.94,
      7.992,
      8.003,
      7.969,
      7.883,
      7.816,
      7.862,
      7.941,
      7.981,
      7.974,
      8.073,
      7.928,
      9.001,
      7.889,
      8.026,
      7.891,
      8.056,
      7.963,
      8.757,
      8.113,
      8.901,
      8.054
    ],
    "memory_after_load": {
      "allocated_mb": 1485.470703125,
      "reserved_mb": 1618.0,
      "max_allocated_mb": 1485.470703125,
      "max_reserved_mb": 1618.0
    },
    "memory_after_prefill": {
      "allocated_mb": 1490.15869140625,
      "reserved_mb": 1620.0,
      "max_allocated_mb": 1490.197265625,
      "max_reserved_mb": 1620.0
    },
    "memory_peak": {
      "allocated_mb": 1533.32861328125,
      "reserved_mb": 1672.0,
      "max_allocated_mb": 1534.0048828125,
      "max_reserved_mb": 1672.0
    },
    "theoretical_kv_cache": {
      "total_mb": 47.81,
      "per_token_mb": 0.1758,
      "as_pct_of_weights": 3.24,
      "growth_per_100_tokens_mb": 17.58,
      "seq_len_used": 272
    },
    "observed_peak_allocated_mb": 1534.0,
    "observed_peak_reserved_mb": 1672.0,
    "error": null,
    "warnings": []
  },
  "secondary_result": {
    "model_name": "protgpt2",
    "prompt_token_length": 16,
    "max_new_tokens": 256,
    "actual_new_tokens": 11,
    "total_seq_length": 27,
    "batch_size": 1,
    "use_cache": true,
    "method": "generate_api",
    "prefill_time_ms": null,
    "decode_time_ms": null,
    "total_time_ms": 93.93,
    "decode_tokens_per_sec": 0.0,
    "end_to_end_tokens_per_sec": 117.11,
    "per_step_decode_times_ms": [],
    "memory_after_load": {
      "allocated_mb": 1485.470703125,
      "reserved_mb": 1618.0,
      "max_allocated_mb": 1485.470703125,
      "max_reserved_mb": 1618.0
    },
    "memory_after_prefill": null,
    "memory_peak": {
      "allocated_mb": 1485.47119140625,
      "reserved_mb": 1622.0,
      "max_allocated_mb": 1490.52734375,
      "max_reserved_mb": 1622.0
    },
    "theoretical_kv_cache": {
      "total_mb": 4.75,
      "per_token_mb": 0.1758,
      "as_pct_of_weights": 0.32,
      "growth_per_100_tokens_mb": 17.58,
      "seq_len_used": 27
    },
    "observed_peak_allocated_mb": 1490.53,
    "observed_peak_reserved_mb": 1622.0,
    "error": null,
    "warnings": []
  },
  "theoretical_kv_upper_bound": {
    "total_mb": 47.81,
    "total_bytes": 50135040,
    "per_token_mb": 0.1758,
    "as_pct_of_weights": 3.24,
    "growth_per_100_tokens_mb": 17.58,
    "seq_len_used": 272,
    "label": "upper_bound_at_configured_max"
  }
}