{
  "metadata": {
    "name": "protgpt2",
    "hf_path": "nferruz/ProtGPT2",
    "hf_path_attempted": [],
    "hf_path_loaded": "nferruz/ProtGPT2",
    "param_count": 774030080,
    "param_count_str": "774.0M",
    "dtype": "float16",
    "weight_memory_mb": 1476.35,
    "hidden_size": 1280,
    "num_layers": 36,
    "num_attention_heads": 20,
    "num_kv_heads": 20,
    "head_dim": 64,
    "max_position_embeddings": 1024,
    "vocab_size": 50257,
    "architecture": "GPT2LMHeadModel",
    "warnings": [
      "Config field 'num_key_value_heads' not found (tried fallbacks: ('num_kv_heads',))",
      "num_key_value_heads not found; falling back to num_attention_heads=20",
      "Applied patch: Added get_head_mask() to ProGenPreTrainedModel (removed in transformers 5.x)",
      "Applied patch: Added get_head_mask() to inner transformer model (GPT2Model)"
    ]
  },
  "primary_result": {
    "model_name": "protgpt2",
    "prompt_token_length": 16,
    "max_new_tokens": 512,
    "actual_new_tokens": 512,
    "total_seq_length": 528,
    "batch_size": 1,
    "use_cache": true,
    "method": "manual_prefill_decode",
    "prefill_time_ms": 10.163315018871799,
    "decode_time_ms": 4114.949391281698,
    "total_time_ms": 4125.11,
    "decode_tokens_per_sec": 124.18,
    "end_to_end_tokens_per_sec": 124.12,
    "per_step_decode_times_ms": [
      8.088,
      7.895,
      8.004,
      7.885,
      7.997,
      7.897,
      7.942,
      7.943,
      8.039,
      7.909,
      7.798,
      8.097,
      7.818,
      7.912,
      7.897,
      8.018,
      7.827,
      7.954,
      7.784,
      7.98,
      7.925,
      8.172,
      7.879,
      7.972,
      8.038,
      7.834,
      8.015,
      7.771,
      8.009,
      7.733,
      8.1,
      7.868,
      7.921,
      7.767,
      7.906,
      7.759,
      7.875,
      7.778,
      8.129,
      8.009,
      7.982,
      7.803,
      7.99,
      7.792,
      8.028,
      7.912,
      7.994,
      8.008,
      8.118,
      7.937,
      7.853,
      7.918,
      7.774,
      7.951,
      7.84,
      7.977,
      7.852,
      8.203,
      8.024,
      8.036,
      7.744,
      8.03,
      7.795,
      7.953,
      7.793,
      7.922,
      8.036,
      7.91,
      7.863,
      7.842,
      7.972,
      7.972,
      8.035,
      7.852,
      8.005,
      8.025,
      8.115,
      7.808,
      8.026,
      7.766,
      8.078,
      7.849,
      7.976,
      7.768,
      7.934,
      7.827,
      8.326,
      7.826,
      7.959,
      7.831,
      8.564,
      7.783,
      8.172,
      7.841,
      7.809,
      7.976,
      7.921,
      8.222,
      7.922,
      8.07,
      7.794,
      8.508,
      7.721,
      8.084,
      7.872,
      8.098,
      7.889,
      8.253,
      7.91,
      8.409,
      7.868,
      8.31,
      7.795,
      8.393,
      7.862,
      8.325,
      7.807,
      8.211,
      7.802,
      8.272,
      7.94,
      8.251,
      7.787,
      8.019,
      7.811,
      7.824,
      8.061,
      7.788,
      8.124,
      7.812,
      8.087,
      8.007,
      8.152,
      8.048,
      8.122,
      7.879,
      8.14,
      7.809,
      8.127,
      7.807,
      8.073,
      7.811,
      8.155,
      7.8,
      8.098,
      7.823,
      8.189,
      8.229,
      8.325,
      7.824,
      8.212,
      7.806,
      7.842,
      8.033,
      7.822,
      8.052,
      7.808,
      8.03,
      7.781,
      8.047,
      7.83,
      8.193,
      7.821,
      8.119,
      7.801,
      8.03,
      7.803,
      7.949,
      7.816,
      7.952,
      7.855,
      7.964,
      7.838,
      7.895,
      7.914,
      7.824,
      7.929,
      7.862,
      7.995,
      8.081,
      7.979,
      7.982,
      7.983,
      7.963,
      7.961,
      7.85,
      8.068,
      7.936,
      8.578,
      8.043,
      7.971,
      7.766,
      7.951,
      7.784,
      8.024,
      7.894,
      8.001,
      8.041,
      7.957,
      8.005,
      7.85,
      8.093,
      7.856,
      7.921,
      7.865,
      8.05,
      7.824,
      8.153,
      7.856,
      7.966,
      7.888,
      8.104,
      7.845,
      7.989,
      7.862,
      7.99,
      7.828,
      8.037,
      7.898,
      7.952,
      8.049,
      8.001,
      7.961,
      7.883,
      7.89,
      7.801,
      8.067,
      7.803,
      7.96,
      7.929,
      8.322,
      8.01,
      8.39,
      8.077,
      8.575,
      7.959,
      8.402,
      8.002,
      8.318,
      7.895,
      8.294,
      8.025,
      8.112,
      8.009,
      8.126,
      7.956,
      8.112,
      7.908,
      8.102,
      8.052,
      8.1,
      7.961,
      8.156,
      8.187,
      8.179,
      8.038,
      8.081,
      9.103,
      8.291,
      8.08,
      8.284,
      8.011,
      8.152,
      7.997,
      8.132,
      8.239,
      8.201,
      8.128,
      8.04,
      8.143,
      7.976,
      7.985,
      7.93,
      8.653,
      8.075,
      8.162,
      7.962,
      8.131,
      7.913,
      8.064,
      7.898,
      8.141,
      7.954,
      8.099,
      7.959,
      8.158,
      7.953,
      8.21,
      7.935,
      8.315,
      7.911,
      8.118,
      7.943,
      8.212,
      7.948,
      8.173,
      7.993,
      8.278,
      7.965,
      8.739,
      8.229,
      8.274,
      8.045,
      8.094,
      7.947,
      8.14,
      7.981,
      8.111,
      8.002,
      7.965,
      8.058,
      7.96,
      8.064,
      7.912,
      8.082,
      7.994,
      8.101,
      8.164,
      8.079,
      8.049,
      8.027,
      8.117,
      8.273,
      7.956,
      8.108,
      8.077,
      8.121,
      8.006,
      8.061,
      7.936,
      8.08,
      7.953,
      8.112,
      7.962,
      8.181,
      7.976,
      8.047,
      7.973,
      8.107,
      8.004,
      8.243,
      8.039,
      8.106,
      7.979,
      8.02,
      8.104,
      8.012,
      8.13,
      7.97,
      8.1,
      7.924,
      8.141,
      8.015,
      8.367,
      8.172,
      8.586,
      8.13,
      8.329,
      8.172,
      8.156,
      8.079,
      8.97,
      12.23,
      11.755,
      10.054,
      9.265,
      8.424,
      8.119,
      8.147,
      8.068,
      8.213,
      8.003,
      8.164,
      7.996,
      8.187,
      7.989,
      8.292,
      7.984,
      8.212,
      8.012,
      8.282,
      8.015,
      8.258,
      7.982,
      8.279,
      8.188,
      8.424,
      8.073,
      8.355,
      8.01,
      8.304,
      7.942,
      8.174,
      8.048,
      8.219,
      7.973,
      8.158,
      7.913,
      8.127,
      7.888,
      8.153,
      7.941,
      8.228,
      7.91,
      8.229,
      7.95,
      8.196,
      7.979,
      7.946,
      8.0,
      8.036,
      8.101,
      7.901,
      8.115,
      7.883,
      8.153,
      7.882,
      8.218,
      7.982,
      8.249,
      8.071,
      8.313,
      8.114,
      8.283,
      7.948,
      8.207,
      7.954,
      8.211,
      7.878,
      8.189,
      7.908,
      8.184,
      7.915,
      8.117,
      7.9,
      8.182,
      7.924,
      8.199,
      7.91,
      8.161,
      7.891,
      8.109,
      7.987,
      7.932,
      8.054,
      7.887,
      8.123,
      8.007,
      8.385,
      7.974,
      8.189,
      7.917,
      8.179,
      7.867,
      8.09,
      7.813,
      8.225,
      7.898,
      8.104,
      7.857,
      8.053,
      7.858,
      7.963,
      7.852,
      8.054,
      7.919,
      8.037,
      7.844,
      8.026,
      7.774,
      7.935,
      7.916,
      7.917,
      8.176,
      8.086,
      8.27,
      8.121,
      8.807,
      8.294,
      8.899,
      8.212,
      8.137,
      8.074,
      8.117,
      7.949,
      8.063,
      7.922,
      8.016,
      7.912,
      8.09,
      7.916,
      7.994,
      7.835,
      8.021,
      7.954,
      8.048,
      8.122,
      8.201,
      7.882,
      8.057,
      7.938,
      8.019,
      7.837,
      8.011,
      7.918,
      7.979,
      8.077,
      7.982,
      7.952,
      7.951,
      7.982
    ],