{
  "metadata": {
    "name": "protgpt2",
    "hf_path": "nferruz/ProtGPT2",
    "hf_path_attempted": [
      "nferruz/ProtGPT2"
    ],
    "hf_path_loaded": "nferruz/ProtGPT2",
    "param_count": 774030080,
    "param_count_str": "774.0M",
    "dtype": "float16",
    "weight_memory_mb": 1476.35,
    "hidden_size": 1280,
    "num_layers": 36,
    "num_attention_heads": 20,
    "num_kv_heads": 20,
    "head_dim": 64,
    "max_position_embeddings": 1024,
    "vocab_size": 50257,
    "architecture": "GPT2LMHeadModel",
    "warnings": [
      "Config field 'num_key_value_heads' not found (tried fallbacks: ('num_kv_heads',))",
      "num_key_value_heads not found; falling back to num_attention_heads=20",
      "Candidate nferruz/ProtGPT2: applied patch \u2014 Added get_head_mask() to ProGenPreTrainedModel (removed in transformers 5.x)",
      "Candidate nferruz/ProtGPT2: applied patch \u2014 Added get_head_mask() to inner transformer model (GPT2Model)"
    ]
  },
  "primary_result": {
    "model_name": "protgpt2",
    "prompt_token_length": 64,
    "max_new_tokens": 128,
    "actual_new_tokens": 128,
    "total_seq_length": 192,
    "batch_size": 1,
    "use_cache": true,
    "method": "manual_prefill_decode",
    "prefill_time_ms": 182.31362399819773,
    "decode_time_ms": 1040.1430190977408,
    "total_time_ms": 1222.46,
    "decode_tokens_per_sec": 122.1,
    "end_to_end_tokens_per_sec": 104.71,
    "per_step_decode_times_ms": [
      65.225,
      9.418,
      8.936,
      8.689,
      8.334,
      8.032,
      7.625,
      8.088,
      7.622,
      7.632,
      7.668,
      7.653,
      7.642,
      7.579,
      7.597,
      7.64,
      7.634,
      7.628,
      8.987,
      7.626,
      7.683,
      7.583,
      7.832,
      7.818,
      7.829,
      7.643,
      7.768,
      7.707,
      7.747,
      7.626,
      7.563,
      7.61,
      7.642,
      7.611,
      7.508,
      7.566,
      7.571,
      7.663,
      7.917,
      7.675,
      7.525,
      7.637,
      7.603,
      7.554,
      7.653,
      7.612,
      7.618,
      7.543,
      7.764,
      7.654,
      7.661,
      7.594,
      7.707,
      7.746,
      7.589,
      7.623,
      7.6,
      7.682,
      7.609,
      7.824,
      7.629,
      7.621,
      7.653,
      7.657,
      8.327,
      7.659,
      7.61,
      7.623,
      7.66,
      7.624,
      7.676,
      7.665,
      7.929,
      7.615,
      7.661,
      7.716,
      7.648,
      7.61,
      7.683,
      7.803,
      7.634,
      7.804,
      7.58,
      7.795,
      7.641,
      7.763,
      7.645,
      7.786,
      7.655,
      7.795,
      7.648,
      7.734,
      7.582,
      7.698,
      7.639,
      7.63,
      7.701,
      7.662,
      7.714,
      8.048,
      7.8,
      7.652,
      7.701,
      7.686,
      7.734,
      7.671,
      7.685,
      7.649,
      7.616,
      7.654,
      7.614,
      7.706,
      7.637,
      7.67,
      7.669,
      7.677,
      7.687,
      7.848,
      7.759,
      8.054,
      7.908,
      7.803,
      7.589,
      7.754,
      7.669,
      7.794,
      7.619
    ],
    "memory_after_load": {
      "allocated_mb": 1476.345703125,
      "reserved_mb": 1616.0,
      "max_allocated_mb": 1476.345703125,
      "max_reserved_mb": 1616.0
    },
    "memory_after_prefill": {
      "allocated_mb": 1502.8564453125,
      "reserved_mb": 1654.0,
      "max_allocated_mb": 1503.01220703125,
      "max_reserved_mb": 1654.0
    },
    "memory_peak": {
      "allocated_mb": 1519.20361328125,
      "reserved_mb": 1678.0,
      "max_allocated_mb": 1519.6845703125,
      "max_reserved_mb": 1678.0
    },
    "theoretical_kv_cache": {
      "total_mb": 33.75,
      "per_token_mb": 0.1758,
      "as_pct_of_weights": 2.29,
      "growth_per_100_tokens_mb": 17.58,
      "seq_len_used": 192
    },
    "observed_peak_allocated_mb": 1519.68,
    "observed_peak_reserved_mb": 1678.0,
    "error": null,
    "warnings": []
  },
  "secondary_result": {
    "model_name": "protgpt2",
    "prompt_token_length": 64,
    "max_new_tokens": 128,
    "actual_new_tokens": 7,
    "total_seq_length": 71,
    "batch_size": 1,
    "use_cache": true,
    "method": "generate_api",
    "prefill_time_ms": null,
    "decode_time_ms": null,
    "total_time_ms": 118.24,
    "decode_tokens_per_sec": 0.0,
    "end_to_end_tokens_per_sec": 59.2,
    "per_step_decode_times_ms": [],
    "memory_after_load": {
      "allocated_mb": 1485.470703125,
      "reserved_mb": 1618.0,
      "max_allocated_mb": 1485.470703125,
      "max_reserved_mb": 1618.0
    },
    "memory_after_prefill": null,
    "memory_peak": {
      "allocated_mb": 1485.4716796875,
      "reserved_mb": 1634.0,
      "max_allocated_mb": 1500.1611328125,
      "max_reserved_mb": 1634.0
    },
    "theoretical_kv_cache": {
      "total_mb": 12.48,
      "per_token_mb": 0.1758,
      "as_pct_of_weights": 0.85,
      "growth_per_100_tokens_mb": 17.58,
      "seq_len_used": 71
    },
    "observed_peak_allocated_mb": 1500.16,
    "observed_peak_reserved_mb": 1634.0,
    "error": null,
    "warnings": []
  },
  "theoretical_kv_upper_bound": {
    "total_mb": 33.75,
    "total_bytes": 35389440,
    "per_token_mb": 0.1758,
    "as_pct_of_weights": 2.29,
    "growth_per_100_tokens_mb": 17.58,
    "seq_len_used": 192,
    "label": "upper_bound_at_configured_max"
  }
}