{
  "metadata": {
    "name": "protgpt2",
    "hf_path": "nferruz/ProtGPT2",
    "hf_path_attempted": [
      "nferruz/ProtGPT2"
    ],
    "hf_path_loaded": "nferruz/ProtGPT2",
    "param_count": 774030080,
    "param_count_str": "774.0M",
    "dtype": "float16",
    "weight_memory_mb": 1476.35,
    "hidden_size": 1280,
    "num_layers": 36,
    "num_attention_heads": 20,
    "num_kv_heads": 20,
    "head_dim": 64,
    "max_position_embeddings": 1024,
    "vocab_size": 50257,
    "architecture": "GPT2LMHeadModel",
    "warnings": [
      "Config field 'num_key_value_heads' not found (tried fallbacks: ('num_kv_heads',))",
      "num_key_value_heads not found; falling back to num_attention_heads=20",
      "Candidate nferruz/ProtGPT2: applied patch \u2014 Added get_head_mask() to ProGenPreTrainedModel (removed in transformers 5.x)",
      "Candidate nferruz/ProtGPT2: applied patch \u2014 Added get_head_mask() to inner transformer model (GPT2Model)"
    ]
  },
  "primary_result": {
    "model_name": "protgpt2",
    "prompt_token_length": 64,
    "max_new_tokens": 128,
    "actual_new_tokens": 128,
    "total_seq_length": 192,
    "batch_size": 1,
    "use_cache": true,
    "method": "manual_prefill_decode",
    "prefill_time_ms": 180.2913239953341,
    "decode_time_ms": 1069.5755831402494,
    "total_time_ms": 1249.87,
    "decode_tokens_per_sec": 118.74,
    "end_to_end_tokens_per_sec": 102.41,
    "per_step_decode_times_ms": [
      55.643,
      8.041,
      7.86,
      8.157,
      8.843,
      8.746,
      8.126,
      8.851,
      8.365,
      8.367,
      9.119,
      9.045,
      8.25,
      8.242,
      8.287,
      8.374,
      9.019,
      9.133,
      9.508,
      8.215,
      8.225,
      7.914,
      7.92,
      8.114,
      8.155,
      7.833,
      7.784,
      8.452,
      8.334,
      7.73,
      7.649,
      8.337,
      8.156,
      8.255,
      7.737,
      8.261,
      7.715,
      7.962,
      8.003,
      7.965,
      7.645,
      8.221,
      7.633,
      7.922,
      7.707,
      7.958,
      8.593,
      8.506,
      8.681,
      8.437,
      8.244,
      8.325,
      8.05,
      8.273,
      8.136,
      7.989,
      7.86,
      7.831,
      7.887,
      7.725,
      7.895,
      7.651,
      7.943,
      7.728,
      8.033,
      7.69,
      8.179,
      7.712,
      8.114,
      7.729,
      8.13,
      8.698,
      8.956,
      8.319,
      8.421,
      7.909,
      8.18,
      7.737,
      8.078,
      7.756,
      7.95,
      7.669,
      7.937,
      7.776,
      7.684,
      7.706,
      7.682,
      7.876,
      7.758,
      7.865,
      7.689,
      7.94,
      7.691,
      7.935,
      7.676,
      7.847,
      7.721,
      7.874,
      7.759,
      8.404,
      7.835,
      7.846,
      7.748,
      7.806,
      7.93,
      7.731,
      8.206,
      7.745,
      8.2,
      7.695,
      8.016,
      7.641,
      7.887,
      7.72,
      7.909,
      7.723,
      7.974,
      7.717,
      7.99,
      7.743,
      8.018,
      7.749,
      7.744,
      7.865,
      7.736,
      8.071,
      7.72
    ],
    "memory_after_load": {
      "allocated_mb": 1476.345703125,
      "reserved_mb": 1616.0,
      "max_allocated_mb": 1476.345703125,
      "max_reserved_mb": 1616.0
    },
    "memory_after_prefill": {
      "allocated_mb": 1502.8564453125,
      "reserved_mb": 1654.0,
      "max_allocated_mb": 1503.01220703125,
      "max_reserved_mb": 1654.0
    },
    "memory_peak": {
      "allocated_mb": 1519.20361328125,
      "reserved_mb": 1678.0,
      "max_allocated_mb": 1519.6845703125,
      "max_reserved_mb": 1678.0
    },
    "theoretical_kv_cache": {
      "total_mb": 33.75,
      "per_token_mb": 0.1758,
      "as_pct_of_weights": 2.29,
      "growth_per_100_tokens_mb": 17.58,
      "seq_len_used": 192
    },
    "observed_peak_allocated_mb": 1519.68,
    "observed_peak_reserved_mb": 1678.0,
    "error": null,
    "warnings": []
  },
  "secondary_result": {
    "model_name": "protgpt2",
    "prompt_token_length": 64,
    "max_new_tokens": 128,
    "actual_new_tokens": 7,
    "total_seq_length": 71,
    "batch_size": 1,
    "use_cache": true,
    "method": "generate_api",
    "prefill_time_ms": null,
    "decode_time_ms": null,
    "total_time_ms": 122.11,
    "decode_tokens_per_sec": 0.0,
    "end_to_end_tokens_per_sec": 57.33,
    "per_step_decode_times_ms": [],
    "memory_after_load": {
      "allocated_mb": 1485.470703125,
      "reserved_mb": 1618.0,
      "max_allocated_mb": 1485.470703125,
      "max_reserved_mb": 1618.0
    },
    "memory_after_prefill": null,
    "memory_peak": {
      "allocated_mb": 1485.4716796875,
      "reserved_mb": 1634.0,
      "max_allocated_mb": 1500.1611328125,
      "max_reserved_mb": 1634.0
    },
    "theoretical_kv_cache": {
      "total_mb": 12.48,
      "per_token_mb": 0.1758,
      "as_pct_of_weights": 0.85,
      "growth_per_100_tokens_mb": 17.58,
      "seq_len_used": 71
    },
    "observed_peak_allocated_mb": 1500.16,
    "observed_peak_reserved_mb": 1634.0,
    "error": null,
    "warnings": []
  },
  "theoretical_kv_upper_bound": {
    "total_mb": 33.75,
    "total_bytes": 35389440,
    "per_token_mb": 0.1758,
    "as_pct_of_weights": 2.29,
    "growth_per_100_tokens_mb": 17.58,
    "seq_len_used": 192,
    "label": "upper_bound_at_configured_max"
  }
}