{
  "metadata": {
    "name": "protgpt2",
    "hf_path": "nferruz/ProtGPT2",
    "hf_path_attempted": [
      "nferruz/ProtGPT2"
    ],
    "hf_path_loaded": "nferruz/ProtGPT2",
    "param_count": 774030080,
    "param_count_str": "774.0M",
    "dtype": "float16",
    "weight_memory_mb": 1476.35,
    "hidden_size": 1280,
    "num_layers": 36,
    "num_attention_heads": 20,
    "num_kv_heads": 20,
    "head_dim": 64,
    "max_position_embeddings": 1024,
    "vocab_size": 50257,
    "architecture": "GPT2LMHeadModel",
    "warnings": [
      "Config field 'num_key_value_heads' not found (tried fallbacks: ('num_kv_heads',))",
      "num_key_value_heads not found; falling back to num_attention_heads=20"
    ]
  },
  "primary_result": {
    "model_name": "protgpt2",
    "prompt_token_length": 64,
    "max_new_tokens": 128,
    "actual_new_tokens": 128,
    "total_seq_length": 192,
    "batch_size": 1,
    "use_cache": true,
    "method": "manual_prefill_decode",
    "prefill_time_ms": 179.01638099283446,
    "decode_time_ms": 1041.2385850650026,
    "total_time_ms": 1220.25,
    "decode_tokens_per_sec": 121.97,
    "end_to_end_tokens_per_sec": 104.9,
    "per_step_decode_times_ms": [
      54.737,
      7.854,
      7.654,
      7.688,
      7.61,
      7.723,
      7.675,
      7.859,
      7.708,
      7.887,
      7.702,
      7.671,
      7.654,
      8.339,
      7.898,
      8.03,
      7.726,
      7.714,
      8.282,
      7.69,
      7.783,
      7.67,
      8.112,
      8.206,
      8.225,
      8.014,
      7.943,
      8.027,
      8.009,
      7.831,
      7.723,
      7.723,
      7.696,
      7.676,
      7.819,
      7.978,
      7.73,
      7.757,
      8.204,
      7.963,
      7.95,
      8.035,
      7.697,
      7.687,
      7.757,
      7.665,
      7.691,
      7.802,
      7.971,
      7.775,
      7.899,
      7.744,
      7.696,
      7.875,
      7.687,
      7.854,
      7.699,
      7.756,
      8.033,
      7.719,
      7.732,
      7.684,
      7.763,
      7.725,
      7.685,
      7.86,
      7.64,
      7.858,
      7.877,
      7.67,
      7.721,
      7.758,
      8.051,
      7.902,
      7.649,
      7.733,
      7.704,
      7.694,
      7.763,
      7.768,
      7.777,
      7.773,
      7.911,
      7.807,
      7.73,
      7.729,
      7.936,
      7.766,
      7.852,
      7.797,
      8.14,
      7.88,
      7.848,
      7.779,
      7.912,
      7.735,
      7.927,
      7.898,
      7.763,
      8.203,
      7.962,
      7.889,
      7.669,
      7.766,
      7.715,
      8.151,
      7.8,
      8.008,
      7.751,
      7.908,
      7.719,
      7.779,
      7.802,
      7.779,
      7.981,
      7.732,
      7.816,
      7.785,
      7.731,
      7.816,
      8.002,
      7.938,
      7.779,
      7.705,
      7.711,
      7.978,
      7.992
    ],
    "memory_after_load": {
      "allocated_mb": 1476.345703125,
      "reserved_mb": 1616.0,
      "max_allocated_mb": 1476.345703125,
      "max_reserved_mb": 1616.0
    },
    "memory_after_prefill": {
      "allocated_mb": 1502.8564453125,
      "reserved_mb": 1654.0,
      "max_allocated_mb": 1503.01220703125,
      "max_reserved_mb": 1654.0
    },
    "memory_peak": {
      "allocated_mb": 1519.20361328125,
      "reserved_mb": 1678.0,
      "max_allocated_mb": 1519.6845703125,
      "max_reserved_mb": 1678.0
    },
    "theoretical_kv_cache": {
      "total_mb": 33.75,
      "per_token_mb": 0.1758,
      "as_pct_of_weights": 2.29,
      "growth_per_100_tokens_mb": 17.58,
      "seq_len_used": 192
    },
    "observed_peak_allocated_mb": 1519.68,
    "observed_peak_reserved_mb": 1678.0,
    "error": null,
    "warnings": []
  },
  "secondary_result": {
    "model_name": "protgpt2",
    "prompt_token_length": 64,
    "max_new_tokens": 128,
    "actual_new_tokens": 7,
    "total_seq_length": 71,
    "batch_size": 1,
    "use_cache": true,
    "method": "generate_api",
    "prefill_time_ms": null,
    "decode_time_ms": null,
    "total_time_ms": 118.38,
    "decode_tokens_per_sec": 0.0,
    "end_to_end_tokens_per_sec": 59.13,
    "per_step_decode_times_ms": [],
    "memory_after_load": {
      "allocated_mb": 1485.470703125,
      "reserved_mb": 1618.0,
      "max_allocated_mb": 1485.470703125,
      "max_reserved_mb": 1618.0
    },
    "memory_after_prefill": null,
    "memory_peak": {
      "allocated_mb": 1485.4716796875,
      "reserved_mb": 1634.0,
      "max_allocated_mb": 1500.1611328125,
      "max_reserved_mb": 1634.0
    },
    "theoretical_kv_cache": {
      "total_mb": 12.48,
      "per_token_mb": 0.1758,
      "as_pct_of_weights": 0.85,
      "growth_per_100_tokens_mb": 17.58,
      "seq_len_used": 71
    },
    "observed_peak_allocated_mb": 1500.16,
    "observed_peak_reserved_mb": 1634.0,
    "error": null,
    "warnings": []
  },
  "theoretical_kv_upper_bound": {
    "total_mb": 33.75,
    "total_bytes": 35389440,
    "per_token_mb": 0.1758,
    "as_pct_of_weights": 2.29,
    "growth_per_100_tokens_mb": 17.58,
    "seq_len_used": 192,
    "label": "upper_bound_at_configured_max"
  }
}