{
  "metadata": {
    "name": "protgpt2",
    "hf_path": "nferruz/ProtGPT2",
    "hf_path_attempted": [
      "nferruz/ProtGPT2"
    ],
    "hf_path_loaded": "nferruz/ProtGPT2",
    "param_count": 774030080,
    "param_count_str": "774.0M",
    "dtype": "float16",
    "weight_memory_mb": 1476.35,
    "hidden_size": 1280,
    "num_layers": 36,
    "num_attention_heads": 20,
    "num_kv_heads": 20,
    "head_dim": 64,
    "max_position_embeddings": 1024,
    "vocab_size": 50257,
    "architecture": "GPT2LMHeadModel",
    "warnings": [
      "Config field 'num_key_value_heads' not found (tried fallbacks: ('num_kv_heads',))",
      "num_key_value_heads not found; falling back to num_attention_heads=20",
      "Candidate nferruz/ProtGPT2: applied patch \u2014 Added get_head_mask() to ProGenPreTrainedModel (removed in transformers 5.x)",
      "Candidate nferruz/ProtGPT2: applied patch \u2014 Added get_head_mask() to inner transformer model (GPT2Model)"
    ]
  },
  "primary_result": {
    "model_name": "protgpt2",
    "prompt_token_length": 64,
    "max_new_tokens": 128,
    "actual_new_tokens": 128,
    "total_seq_length": 192,
    "batch_size": 1,
    "use_cache": true,
    "method": "manual_prefill_decode",
    "prefill_time_ms": 181.2428679986624,
    "decode_time_ms": 1136.720449969289,
    "total_time_ms": 1317.96,
    "decode_tokens_per_sec": 111.72,
    "end_to_end_tokens_per_sec": 97.12,
    "per_step_decode_times_ms": [
      66.01,
      9.472,
      9.398,
      9.469,
      9.327,
      9.365,
      8.949,
      8.841,
      8.341,
      8.225,
      7.798,
      7.742,
      7.742,
      7.917,
      7.95,
      7.795,
      7.892,
      7.832,
      7.948,
      7.74,
      7.716,
      7.944,
      7.954,
      8.16,
      7.825,
      7.782,
      7.762,
      7.911,
      7.755,
      7.8,
      7.787,
      7.78,
      7.761,
      7.749,
      7.87,
      7.909,
      8.018,
      7.95,
      8.241,
      7.873,
      8.02,
      7.937,
      10.586,
      12.099,
      10.15,
      11.342,
      8.541,
      10.068,
      9.009,
      9.619,
      8.776,
      9.331,
      11.328,
      12.327,
      10.557,
      11.116,
      10.523,
      8.38,
      8.376,
      8.5,
      8.05,
      9.389,
      8.865,
      8.039,
      7.967,
      7.944,
      7.877,
      8.09,
      8.168,
      9.838,
      9.306,
      9.673,
      8.899,
      8.32,
      8.199,
      8.952,
      8.029,
      7.766,
      7.835,
      8.52,
      8.008,
      7.893,
      8.47,
      8.052,
      7.818,
      8.449,
      7.909,
      7.885,
      8.014,
      7.919,
      7.798,
      8.926,
      7.942,
      7.907,
      7.858,
      7.968,
      7.874,
      9.289,
      8.387,
      8.52,
      8.112,
      8.11,
      8.007,
      7.858,
      7.976,
      7.849,
      7.812,
      8.475,
      10.791,
      10.039,
      8.211,
      8.009,
      8.104,
      7.974,
      8.094,
      7.943,
      7.905,
      7.9,
      7.957,
      7.995,
      8.334,
      8.83,
      8.283,
      8.09,
      8.144,
      8.927,
      8.495
    ],
    "memory_after_load": {
      "allocated_mb": 1476.345703125,
      "reserved_mb": 1616.0,
      "max_allocated_mb": 1476.345703125,
      "max_reserved_mb": 1616.0
    },
    "memory_after_prefill": {
      "allocated_mb": 1502.8564453125,
      "reserved_mb": 1654.0,
      "max_allocated_mb": 1503.01220703125,
      "max_reserved_mb": 1654.0
    },
    "memory_peak": {
      "allocated_mb": 1519.20361328125,
      "reserved_mb": 1678.0,
      "max_allocated_mb": 1519.6845703125,
      "max_reserved_mb": 1678.0
    },
    "theoretical_kv_cache": {
      "total_mb": 33.75,
      "per_token_mb": 0.1758,
      "as_pct_of_weights": 2.29,
      "growth_per_100_tokens_mb": 17.58,
      "seq_len_used": 192
    },
    "observed_peak_allocated_mb": 1519.68,
    "observed_peak_reserved_mb": 1678.0,
    "error": null,
    "warnings": []
  },
  "secondary_result": {
    "model_name": "protgpt2",
    "prompt_token_length": 64,
    "max_new_tokens": 128,
    "actual_new_tokens": 7,
    "total_seq_length": 71,
    "batch_size": 1,
    "use_cache": true,
    "method": "generate_api",
    "prefill_time_ms": null,
    "decode_time_ms": null,
    "total_time_ms": 123.87,
    "decode_tokens_per_sec": 0.0,
    "end_to_end_tokens_per_sec": 56.51,
    "per_step_decode_times_ms": [],
    "memory_after_load": {
      "allocated_mb": 1485.470703125,
      "reserved_mb": 1618.0,
      "max_allocated_mb": 1485.470703125,
      "max_reserved_mb": 1618.0
    },
    "memory_after_prefill": null,
    "memory_peak": {
      "allocated_mb": 1485.4716796875,
      "reserved_mb": 1634.0,
      "max_allocated_mb": 1500.1611328125,
      "max_reserved_mb": 1634.0
    },
    "theoretical_kv_cache": {
      "total_mb": 12.48,
      "per_token_mb": 0.1758,
      "as_pct_of_weights": 0.85,
      "growth_per_100_tokens_mb": 17.58,
      "seq_len_used": 71
    },
    "observed_peak_allocated_mb": 1500.16,
    "observed_peak_reserved_mb": 1634.0,
    "error": null,
    "warnings": []
  },
  "theoretical_kv_upper_bound": {
    "total_mb": 33.75,
    "total_bytes": 35389440,
    "per_token_mb": 0.1758,
    "as_pct_of_weights": 2.29,
    "growth_per_100_tokens_mb": 17.58,
    "seq_len_used": 192,
    "label": "upper_bound_at_configured_max"
  }
}