{
  "metadata": {
    "name": "protgpt2",
    "hf_path": "nferruz/ProtGPT2",
    "hf_path_attempted": [
      "nferruz/ProtGPT2"
    ],
    "hf_path_loaded": "nferruz/ProtGPT2",
    "param_count": 774030080,
    "param_count_str": "774.0M",
    "dtype": "float16",
    "weight_memory_mb": 1476.35,
    "hidden_size": 1280,
    "num_layers": 36,
    "num_attention_heads": 20,
    "num_kv_heads": 20,
    "head_dim": 64,
    "max_position_embeddings": 1024,
    "vocab_size": 50257,
    "architecture": "GPT2LMHeadModel",
    "warnings": [
      "Config field 'num_key_value_heads' not found (tried fallbacks: ('num_kv_heads',))",
      "num_key_value_heads not found; falling back to num_attention_heads=20",
      "Candidate nferruz/ProtGPT2: applied patch \u2014 Added get_head_mask() to ProGenPreTrainedModel (removed in transformers 5.x)",
      "Candidate nferruz/ProtGPT2: applied patch \u2014 Added get_head_mask() to inner transformer model (GPT2Model)"
    ]
  },
  "primary_result": {
    "model_name": "protgpt2",
    "prompt_token_length": 64,
    "max_new_tokens": 128,
    "actual_new_tokens": 128,
    "total_seq_length": 192,
    "batch_size": 1,
    "use_cache": true,
    "method": "manual_prefill_decode",
    "prefill_time_ms": 153.68874599516857,
    "decode_time_ms": 1081.695085958927,
    "total_time_ms": 1235.38,
    "decode_tokens_per_sec": 117.41,
    "end_to_end_tokens_per_sec": 103.61,
    "per_step_decode_times_ms": [
      56.062,
      7.867,
      7.981,
      7.814,
      7.753,
      8.022,
      7.711,
      8.167,
      7.781,
      7.776,
      7.748,
      8.061,
      7.877,
      7.722,
      7.79,
      8.311,
      10.176,
      9.067,
      8.331,
      9.426,
      8.684,
      7.907,
      7.861,
      8.391,
      7.85,
      8.774,
      9.507,
      9.026,
      8.132,
      7.969,
      7.923,
      8.28,
      7.863,
      9.084,
      8.692,
      8.108,
      8.495,
      7.929,
      8.283,
      8.322,
      7.983,
      8.317,
      7.769,
      8.136,
      7.744,
      8.178,
      7.986,
      8.341,
      8.274,
      8.29,
      7.814,
      8.647,
      9.809,
      8.919,
      8.251,
      8.293,
      7.896,
      8.175,
      8.345,
      8.297,
      8.012,
      8.26,
      7.804,
      8.614,
      7.739,
      8.232,
      7.731,
      8.183,
      7.759,
      8.023,
      8.192,
      8.705,
      8.532,
      8.391,
      7.839,
      8.456,
      7.788,
      8.601,
      7.801,
      8.073,
      8.96,
      8.368,
      7.721,
      8.088,
      7.775,
      8.129,
      7.743,
      8.731,
      7.97,
      8.143,
      8.075,
      8.419,
      7.966,
      8.198,
      7.883,
      7.898,
      7.815,
      7.858,
      7.988,
      8.473,
      8.064,
      7.747,
      7.798,
      7.858,
      7.861,
      7.92,
      7.951,
      7.811,
      7.761,
      7.688,
      7.766,
      7.673,
      7.719,
      7.996,
      8.049,
      7.998,
      7.883,
      7.878,
      7.933,
      7.897,
      8.149,
      7.853,
      7.766,
      7.786,
      7.832,
      8.051,
      8.09
    ],
    "memory_after_load": {
      "allocated_mb": 1476.345703125,
      "reserved_mb": 1616.0,
      "max_allocated_mb": 1476.345703125,
      "max_reserved_mb": 1616.0
    },
    "memory_after_prefill": {
      "allocated_mb": 1502.8564453125,
      "reserved_mb": 1654.0,
      "max_allocated_mb": 1503.01220703125,
      "max_reserved_mb": 1654.0
    },
    "memory_peak": {
      "allocated_mb": 1519.20361328125,
      "reserved_mb": 1678.0,
      "max_allocated_mb": 1519.6845703125,
      "max_reserved_mb": 1678.0
    },
    "theoretical_kv_cache": {
      "total_mb": 33.75,
      "per_token_mb": 0.1758,
      "as_pct_of_weights": 2.29,
      "growth_per_100_tokens_mb": 17.58,
      "seq_len_used": 192
    },
    "observed_peak_allocated_mb": 1519.68,
    "observed_peak_reserved_mb": 1678.0,
    "error": null,
    "warnings": []
  },
  "secondary_result": {
    "model_name": "protgpt2",
    "prompt_token_length": 64,
    "max_new_tokens": 128,
    "actual_new_tokens": 7,
    "total_seq_length": 71,
    "batch_size": 1,
    "use_cache": true,
    "method": "generate_api",
    "prefill_time_ms": null,
    "decode_time_ms": null,
    "total_time_ms": 120.25,
    "decode_tokens_per_sec": 0.0,
    "end_to_end_tokens_per_sec": 58.21,
    "per_step_decode_times_ms": [],
    "memory_after_load": {
      "allocated_mb": 1485.470703125,
      "reserved_mb": 1618.0,
      "max_allocated_mb": 1485.470703125,
      "max_reserved_mb": 1618.0
    },
    "memory_after_prefill": null,
    "memory_peak": {
      "allocated_mb": 1485.4716796875,
      "reserved_mb": 1634.0,
      "max_allocated_mb": 1500.1611328125,
      "max_reserved_mb": 1634.0
    },
    "theoretical_kv_cache": {
      "total_mb": 12.48,
      "per_token_mb": 0.1758,
      "as_pct_of_weights": 0.85,
      "growth_per_100_tokens_mb": 17.58,
      "seq_len_used": 71
    },
    "observed_peak_allocated_mb": 1500.16,
    "observed_peak_reserved_mb": 1634.0,
    "error": null,
    "warnings": []
  },
  "theoretical_kv_upper_bound": {
    "total_mb": 33.75,
    "total_bytes": 35389440,
    "per_token_mb": 0.1758,
    "as_pct_of_weights": 2.29,
    "growth_per_100_tokens_mb": 17.58,
    "seq_len_used": 192,
    "label": "upper_bound_at_configured_max"
  }
}